id	gender	human	number	size	firstmention	mentions	label
0	n	0	both	1	0	0	TITAANTJES
1	fm	1	pl	139	1	1024,1,513,259,4,5,261,262,8,9,515,11,12,523,270,527,519,273,274,529,531,533,1022,1038,1040,1041,26,1043,1045,1048,769,1050,544,549,1025,551,40,517,1026,44,556,46,47,558,563,565,775,61,62,63,777,1099,2559,80,81,336,1105,86,599,1035,89,601,1114,1290,2140,2141,2144,100,106,109,127,2176,135,139,141,2572,2191,1173,1302,409,924,1180,926,1948,2462,1442,2466,425,171,428,2475,944,2483,1465,187,188,444,446,191,449,450,452,201,715,205,462,717,721,722,467,212,213,723,728,476,732,480,483,484,250,748,237,493,495,749,1262,242,499,244,1265,502,759,248,506,2543,252,509,254,255	we
2	m	1	pl	2	2	2,10	aardige jongens
3	fm	1	sg	276	3	3,1540,1541,1542,2052,2053,1545,1546,2055,2056,1549,2567,1554,2066,1559,2071,1562,27,28,2075,2079,2080,1569,2082,2086,2087,1071,48,1073,1074,1075,1076,2101,2102,2097,1080,2098,2099,2107,2105,2109,2113,2114,2115,580,581,582,1607,2118,2116,1611,2124,589,590,2127,1104,1107,2132,85,1111,1625,1630,1635,1636,1637,2147,1639,2151,2154,1131,1133,2166,1655,120,1657,2168,2171,2172,637,1150,1662,640,2174,2175,1157,1162,1167,2199,1699,2216,169,170,1193,1194,173,686,1705,1711,1713,2218,2222,2231,2233,1724,1725,2240,193,1729,1730,1732,2242,2254,1743,1744,2264,731,221,223,1759,1762,1252,1767,1256,1768,1769,1259,1770,1771,1774,1777,1779,1780,245,1783,1786,1787,1789,1791,1792,1795,773,1288,778,1804,1297,1809,1810,1812,1815,792,1304,794,1306,1308,1816,1310,287,288,1821,1822,1826,292,2500,2343,1322,1834,1328,820,1844,310,1846,1337,1338,1341,1853,1343,1854,1345,835,1349,838,1861,1354,845,1359,337,338,1361,1362,854,1366,2392,2394,1374,1377,1379,1382,871,1384,366,368,371,372,1398,2422,1402,1406,1408,1410,388,2438,906,909,1935,1947,1437,1952,1953,418,2467,1445,1958,1448,937,1962,1452,1455,1459,1972,1461,1464,441,1976,1980,1985,2328,1475,1476,1987,1478,2497,1480,1481,2499,1995,1996,2509,2501,1999,464,2513,1493,2517,1495,2521,2011,1500,2525,2017,2019,2022,2024,2537,2026,2029,1518,1519,2544,1523,2035,2036,2037,2550,1528,1529,1534	ik
6	fm	1	sg	524	6	1027,6,7,14,18,19,2068,21,22,2069,24,2073,2070,2077,1053,31,34,2084,37,1062,38,2085,1065,2088,43,2089,45,2093,2094,2095,1081,1082,1084,1086,1087,64,1089,1090,66,1092,1094,1095,2119,2123,76,77,2126,1103,83,2133,1110,2134,2135,2137,2138,91,92,1116,1115,95,96,97,2145,2149,1128,1134,1135,1136,115,116,1143,119,1144,1145,1146,1147,128,130,1155,132,133,1159,1160,138,1163,1164,140,142,144,145,149,150,1177,1179,157,158,159,2208,161,162,163,2209,164,168,1195,172,1196,175,1200,177,1201,1202,179,1205,182,181,185,1210,1211,2237,2238,1215,1216,190,1219,195,2245,196,1223,197,1222,1227,1228,1229,1230,2255,1233,1234,2257,1236,1237,2259,2261,216,1241,2263,2267,1246,1247,1249,226,227,1253,1260,236,238,239,1264,241,1267,243,2293,246,1271,2296,2297,1274,1275,2295,253,2302,1278,256,1281,258,2307,260,1282,1283,263,1287,266,267,268,272,275,278,1303,284,2340,294,295,296,1321,2298,2344,302,2299,311,312,313,314,2301,316,1344,321,1346,322,1348,2373,324,1351,325,328,330,331,332,2382,2383,2384,2385,2386,1363,1364,2388,342,2389,347,349,2407,362,363,364,1386,1387,1391,1390,373,2428,380,2434,1411,2435,389,1414,2436,393,396,398,1423,401,2450,403,1430,408,2457,1434,410,1441,420,423,429,430,431,2477,2479,434,2481,432,1462,1463,439,2489,1466,1467,2502,455,456,457,460,1485,1486,463,1491,469,2518,471,472,1498,474,475,477,1502,2526,1504,1505,1506,1508,2532,2535,2536,1512,1521,2551,2553,1530,1531,1532,2555,2558,514,2562,516,2564,2566,520,521,2569,1547,525,2574,2576,532,534,535,1560,1561,536,537,540,542,2591,543,546,547,550,552,1576,555,1581,560,1584,562,1585,1586,2613,2614,567,2616,2615,570,571,568,1588,574,575,576,1594,2617,2621,1604,2623,1606,2627,584,1609,2633,2631,588,1613,2638,2639,2640,592,593,595,596,597,1622,1623,600,2303,602,604,605,1632,1642,1643,622,1649,1650,629,630,631,1656,634,639,1663,641,1666,643,646,650,657,1684,1685,660,661,663,667,668,672,674,1703,680,679,682,684,1715,694,697,702,1727,704,1735,712,718,719,720,724,729,730,741,745,1781,1782,1785,770,772,783,785,788,789,800,801,809,814,1587,821,827,830,837,1591,842,844,857,858,1885,1886,1888,1889,868,1893,870,1894,872,1896,1898,880,883,1909,1912,889,892,895,896,898,899,1923,1924,902,1925,901,1929,905,1927,1928,1932,910,911,1933,1934,917,918,919,920,921,923,1949,1950,934,935,938,939,947,950,953,1982,960,961,962,964,965,966,1991,968,2000,2637,2031,1011,1015,1017,1019,1021	Bavink
13	n	0	pl	3	13	16,13,15	z'n vijven
17	-	-	pl	3	17	17,25,23	die
20	fm	1	sg	1	20	20	je
29	fm	1	sg	32	29	705,706,709,2437,904,2122,1998,1616,2387,215,2139,29,30,351,734,33,225,35,99,228,230,356,358,105,361,235,1828,2210,627,948,1593,2110	Je
32	m	1	sg	104	32	257,1284,1028,1286,1032,2570,2571,2573,784,1808,2578,2579,2583,2584,1817,1051,1052,1819,1820,1823,32,2587,2588,2593,2595,2597,1831,2599,1833,2601,1835,1837,1072,49,2352,51,52,1845,2357,2359,2360,2361,58,2363,60,2365,2366,2367,1856,1860,1093,1865,1867,1100,1101,334,1102,1874,1109,90,859,1882,1887,1141,1142,122,890,123,1149,1151,2177,1153,2179,903,147,2204,1951,2207,2211,2213,1959,1704,1960,1706,2217,2219,2221,1710,958,2241,1733,1734,969,1738,971,972,1740,1746,725,1238,1240,1250,1263,1023	Hoyer
36	m	1	sg	6	36	67,36,69,71,39,74	Kees Ploeger
41	n	0	sg	1	41	41	onzer dwaasheid
42	m	1	sg	2	42	265,42	Gods
50	fm	1	pl	1	50	50	we
53	n	0	pl	1	53	53	de bonzen van de S. D. A. P.
54	fm	1	sg	7	54	54,2183,2185,2235,2188,2189,2190	de S. D. A. P.
55	n	0	sg	1	55	55	een gebaar van twijfel
56	n	0	sg	1	56	56	twijfel
57	n	0	pl	6	57	882,131,151,57,156,2158	z'n handen
59	n	0	pl	1	59	59	z'n schouders
65	n	0	sg	1	65	65	een vaag besef
68	fm	1	sg	1	68	68	zijn baas
70	n	0	pl	1	70	70	z'n eigen klokken
72	n	0	sg	3	72	72,994,1254	een sigaar in z'n hoofd en vloeken op die kerels die nooit iets goed konden doen
73	n	0	sg	8	73	129,323,2260,1239,73,348,1277,526	z'n hoofd
75	-	-	pl	1	75	75	vloeken
78	-	-	both	2	78	78,79	we
82	n	0	pl	2	82	82,500	boeken
84	m	1	sg	8	84	416,417,84,217,411,333,414,399	Lien
87	n	0	sg	1	87	87	een prachtig stel kerels
88	n	0	pl	1	88	88	centen
93	n	0	pl	1	93	93	rijtuigen
94	n	0	pl	1	94	94	dure jassen
98	n	0	pl	1	98	98	Automobielen
101	n	0	sg	1	101	101	't hek van 't Oosterpark
102	n	0	sg	1	102	102	't Oosterpark
103	n	0	sg	1	103	103	Een heel kamerameublement
104	fm	1	both	1	104	104	je
107	n	0	sg	1	107	107	den rand van 't trottoir
108	n	0	sg	2	108	1946,108	't trottoir
110	-	-	pl	1	110	110	twaalven
111	n	0	pl	1	111	111	de straatsteenen
112	-	-	pl	2	112	112,113	de klinkers
114	-	-	pl	1	114	114	de sterren
117	n	0	sg	1	117	117	medelijden
118	fm	1	sg	1	118	118	z'n baas
121	n	0	sg	4	121	771,121,843,855	een gedicht
124	-	-	sg	2	124	1961,124	die blauwe steen
125	n	0	sg	1	125	125	het zwart recht boven onze hoofden
126	n	0	pl	2	126	1172,126	onze hoofden
134	n	0	sg	1	134	134	't sentimenteele af
136	n	0	sg	1	136	136	bed
137	fm	1	sg	6	137	2448,2010,137,1034,1993,2015	een mensch
143	n	0	sg	1	143	143	de Zuiderzee
146	n	0	sg	4	146	984,146,2549,1751	huis
148	n	0	sg	1	148	148	de kou
152	-	-	pl	1	152	152	de steenen
153	n	0	sg	1	153	153	den zeedijk
154	n	0	pl	1	154	154	de oogen
155	n	0	pl	1	155	155	hun oogharen
160	n	0	sg	9	160	160,1573,1190,167,942,1169,1524,1468,1118	't water
165	n	0	sg	1	165	165	de lange , lange schitterende streep
166	n	0	sg	1	166	166	den kant van 't water
174	n	0	sg	11	174	933,936,1192,1291,1515,1292,174,1294,1199,1293,1181	zee
176	n	0	sg	2	176	176,1171	de kim
178	n	0	sg	2	178	178,2430	z'n vuist
180	n	0	sg	3	180	1904,180,2432	z'n voorhoofd
183	fm	1	sg	2	183	184,183	ik
186	n	0	sg	2	186	2585,186	een gesticht
189	n	0	pl	1	189	189	gele vlekken
192	-	-	pl	1	192	192	zulke tochten
194	n	0	sg	10	194	194,1992,329,202,2002,468,566,251,508,2111	kantoor
198	n	0	pl	1	198	198	de verlichte boomtoppen aan de overzij van de tuinen
199	n	0	sg	2	199	608,199	de overzij van de tuinen
200	n	0	pl	1	200	200	de tuinen
203	-	-	pl	1	203	203	tochten naar den Ringdijk
204	n	0	both	2	204	204,1005	den Ringdijk
206	n	0	sg	2	206	206,231	't gras tusschen de boterbloemetjes beneden aan den dijk
207	n	0	pl	1	207	207	de boterbloemetjes beneden aan den dijk
208	n	0	sg	1	208	208	den dijk
209	-	-	pl	3	209	209,211,214	de nieuwsgierige koeien
210	n	0	pl	1	210	210	hun groote oogen
218	n	0	pl	1	218	218	die koeienoogen
219	n	0	pl	1	219	219	de kikkers
220	n	0	sg	1	220	220	mijn schoen
222	n	0	sg	1	222	222	m'n eene voet
224	n	0	sg	1	224	224	de sloot
229	n	0	sg	7	229	1168,1120,1332,229,1385,1370,1326	de halve duisternis
232	n	0	sg	7	232	1456,1123,708,1460,232,1449,1098	de verte
233	n	0	sg	1	233	233	een klagelijk
234	n	0	sg	1	234	234	Een paard
240	n	0	pl	1	240	240	z'n armen
247	-	-	sg	1	247	247	de waarheid
249	n	0	sg	1	249	249	Ons werk op kantoor
264	n	0	sg	1	264	264	't koninkrijk Gods
269	n	0	sg	1	269	269	dat
271	n	0	sg	2	271	2041,271	den zolder van Kees
276	n	0	sg	4	276	1978,341,276,2061	een
277	n	0	sg	2	277	352,277	Zijn hok
279	-	-	both	2	279	281,279	De buren
280	n	0	sg	2	280	280,675	't niks
282	n	0	sg	1	282	282	de trap
283	m	1	sg	4	283	290,283,285,286	Kees z'n vader
289	-	-	sg	26	289	2496,2498,1156,1158,2503,2505,1165,2512,2007,1176,2528,289,1964,1966,2478,2480,369,370,2482,1140,2484,2485,1138,2488,698,699	mijnheer Koekebakker
291	n	0	sg	3	291	856,291,387	m'n naam in 't Handelsblad
293	n	0	pl	2	293	297,293	't Handelsblad
298	n	0	sg	1	298	298	goedkoop bloemetjesbehangsel van 3 centen
299	n	0	sg	1	299	299	de rol
300	n	0	sg	7	300	306,2279,2040,2506,300,2060,318	den muur
301	n	0	sg	1	301	301	de effe groene achterkant
303	n	0	sg	3	303	320,305,303	een spreuk
304	n	0	pl	1	304	304	sier-letters
307	n	0	sg	8	307	865,1793,307,1986,2034,2083,1788,1807	de deur
308	n	0	both	1	308	308	J'ai attendu le Seigneur avec une grande patience
309	n	0	both	1	309	309	il s'est abaissé jusqu'à moi
315	n	0	sg	1	315	315	een spa
317	-	-	sg	1	317	317	die diagonaalsgewijs aan den muur
319	n	0	sg	1	319	319	't aangezicht van de spreuk
326	n	0	sg	9	326	928,900,740,326,1063,908,1068,1018,925	de hei
327	n	0	sg	1	327	327	een brokje land
335	n	0	sg	1	335	335	de kroeg
339	m	1	sg	1	339	339	Zola
340	m	1	sg	1	340	340	Jaap Maris
343	m	1	sg	20	343	2308,2247,2311,2249,2312,2314,2315,2318,2322,2323,2324,2325,2326,343,2329,2330,1435,2337,1273,2300	Dante
344	n	0	both	1	344	344	de Prediker
345	n	0	sg	1	345	345	't Hooglied
346	m	1	sg	1	346	346	't boek Job
350	fm	1	sg	1	350	350	de buitenwereld
353	n	0	sg	4	353	2048,353,354,2157	Het eenige raam
355	n	0	sg	2	355	402,355	den grond
357	n	0	sg	3	357	1764,357,735	tafel
359	n	0	sg	1	359	359	een stuk lucht
360	n	0	sg	1	360	360	de kleur
365	n	0	sg	6	365	1539,1494,1543,395,365,1439	letterlijk alles
367	n	0	sg	2	367	385,367	een schilderij
374	n	0	pl	2	374	374,375	twee horizontale banen
376	n	0	sg	2	376	376,624	een blauwe
377	n	0	sg	1	377	377	een goudgele
378	n	0	sg	1	378	378	't midden van die blauwe baan
379	-	-	sg	1	379	379	die blauwe baan
381	n	0	sg	1	381	381	een ronde goudgele vlek
382	fm	1	pl	3	382	392,386,382	we
383	n	0	sg	1	383	383	den catalogus
384	n	0	both	1	384	384	No. 666 De Gedachte
390	n	0	pl	2	390	394,390	2de Jan Steenstraat
391	n	0	sg	1	391	391	nummer
397	n	0	sg	1	397	397	een flauw benul
400	n	0	sg	1	400	400	thee
404	n	0	sg	1	404	404	verlegenheid
405	f	1	sg	4	405	424,405,413,415	die juffrouw
406	m	1	sg	9	406	1827,1830,2538,1261,750,2542,2548,757,406	de ouwe heer
407	n	0	sg	1	407	407	bepaald bezwaar
412	n	0	sg	1	412	412	een neiging
419	n	0	pl	1	419	419	oogjes
421	n	0	sg	1	421	421	bizonder welbehagen
422	n	0	sg	2	422	1520,422	z'n steenen pijpje
426	n	0	sg	1	426	426	donker
427	n	0	sg	2	427	427,647	De lamp
433	fm	1	sg	1	433	433	Je
435	n	0	sg	5	435	435,1336,2589,894,799	de lucht
436	n	0	sg	1	436	436	Een groote groenachtige ster
437	n	0	pl	1	437	437	donkeren
438	fm	1	sg	1	438	438	Je
440	n	0	sg	1	440	440	een versche pijp
442	m	1	sg	2	442	442,445	die
443	m	1	pl	2	443	443,2628	jongens van negentien , twintig jaar
447	n	0	sg	12	447	448,1440,2624,453,1067,461,1044,1368,1660,1661,1438,447	de wereld
451	n	0	sg	2	451	1315,451	de diepte
454	-	-	sg	2	454	541,454	bedrijvigheid
458	-	-	pl	1	458	458	die
459	-	-	pl	1	459	459	die
465	n	0	sg	1	465	465	't grootste
466	n	0	sg	1	466	466	deel van onzen tijd
470	n	0	pl	2	470	473,470	hun domme opinies
478	n	0	sg	12	478	1514,813,1775,1329,819,1333,1174,1847,1371,2460,701,478	't licht
479	n	0	pl	1	479	479	de gordijnen
481	n	0	sg	1	481	481	de roode lucht
482	-	-	sg	14	482	609,482,1891,1634,611,615,616,619,1645,1646,1970,1652,1973,1977	de straat
485	fm	1	pl	5	485	497,485,501,504,507	straten
486	n	0	sg	1	486	486	uitzicht op de lancaster gordijnen van den overkant en de balletjesfranje en de aspedistra in een pot
487	n	0	pl	1	487	487	de lancaster gordijnen van den overkant en de balletjesfranje
488	m	1	sg	1	488	488	lancaster
489	n	0	sg	2	489	489,1633	den overkant
490	-	-	sg	1	490	490	de balletjesfranje
491	-	-	sg	1	491	491	de aspedistra in een pot
492	n	0	sg	1	492	492	een onbestaanbare bloem er op
494	n	0	sg	1	494	494	wraak
496	n	0	pl	1	496	496	talen
498	n	0	pl	2	498	498,1749	de namen
503	n	0	pl	1	503	503	gevoelens
505	n	0	sg	1	505	505	het bestaan
510	n	0	pl	1	510	510	de slootjes
511	n	0	pl	2	511	553,511	de weilanden
512	-	-	sg	1	512	512	die
518	n	0	sg	1	518	518	't nut
522	n	0	sg	1	522	522	Abcoû
524	n	0	sg	1	524	524	't heelal
528	n	0	sg	1	528	528	ons hart
530	n	0	sg	1	530	530	ons ruggemerg
538	n	0	sg	1	538	538	Zwitserland
539	n	0	sg	1	539	539	Italië
545	n	0	sg	1	545	545	hun macht
548	n	0	sg	1	548	548	't grootste deel van onzen tijd
554	n	0	sg	1	554	554	den waterkant
557	n	0	pl	1	557	557	onze gedachten
559	n	0	pl	1	559	559	hun onbegrijpelijke zaken
561	n	0	pl	1	561	561	voeten
564	n	0	pl	1	564	564	standjes
569	-	-	pl	1	569	569	elkaar
572	n	0	sg	2	572	577,572	tweehoog
573	-	-	sg	1	573	573	die halvegare
578	n	0	sg	1	578	578	een leuk vak
579	fm	1	sg	1	579	579	M'n baas
583	n	0	pl	2	583	598,583	gedichten
585	m	1	sg	3	585	864,585,863	zoo'n man
586	n	0	sg	7	586	2223,2018,613,2021,2023,586,2335	dat woord
587	fm	1	sg	1	587	587	je
591	n	0	sg	1	591	591	z'n gezicht
594	-	-	sg	1	594	594	zoo'n dikken kop
603	n	0	both	1	603	603	de Sarphatistraat
606	-	1	sg	17	606	673,610,642,612,644,614,645,678,617,638,651,652,671,633,635,606,607	een schoolmeisje van een jaar of zeventien
618	n	0	sg	1	618	618	de school
620	n	0	sg	1	620	620	't stille grachtje in de sneeuw
621	n	0	sg	1	621	621	de sneeuw
623	n	0	sg	1	623	623	een wit paard
625	m	1	sg	1	625	625	kiel
626	n	0	sg	1	626	626	een stroohoed
628	n	0	sg	1	628	628	zoo iets geks
632	n	0	sg	1	632	632	de Weteringschans
636	f	1	sg	1	636	636	een vriendin
648	n	0	sg	2	648	648,700	een blad
649	n	0	sg	3	649	656,649,1152	't boek
653	n	0	sg	2	653	653,655	Een stukje vuur uit zijn pijp
654	n	0	sg	1	654	654	zijn pijp
658	n	0	sg	1	658	658	een lucifersdoosje
659	n	0	sg	1	659	659	een gat
662	-	-	pl	2	662	665,662	ze
664	n	0	sg	1	664	664	een afstand
666	n	0	pl	1	666	666	gedichten
669	fm	1	sg	1	669	669	je
670	n	0	sg	1	670	670	een raar ding
676	fm	1	pl	1	676	676	ons
677	n	0	sg	4	677	2232,2304,1843,677	een beetje kleeren van haar en zoo goed als geen kleeren van mij
681	n	0	sg	1	681	681	z'n overhemd
683	n	0	sg	1	683	683	z'n bloote lijf
685	fm	1	sg	1	685	685	je
687	n	0	sg	5	687	691,1443,1574,1453,687	den toren van Naarden
688	n	0	sg	2	688	688,692	Naarden
689	n	0	sg	3	689	1776,689,2262	de kamer van Bekker b.v.
690	n	0	both	1	690	690	Bekker b.v.
693	fn	-	sg	2	693	696,693	deze snor
695	n	0	sg	1	695	695	haar schouder
703	n	0	sg	1	703	703	zijn aangezicht
707	f	1	pl	2	707	707,711	de meisjes
710	n	0	pl	4	710	713,716,726,710	hun bekjes
714	n	0	sg	1	714	714	't algemeen
727	-	-	pl	1	727	727	die
733	n	0	both	1	733	733	socialen
736	n	0	pl	1	736	736	adressen
737	n	0	sg	1	737	737	drukwerk
738	n	0	both	1	738	738	vrije groep Kastanjeplein
739	n	0	pl	1	739	739	omstreken
742	n	0	pl	1	742	742	een paar centen bij elkaar
743	n	0	pl	2	743	744,743	elkaar
746	n	0	sg	1	746	746	de kolonie van Van Eeden
747	m	1	sg	1	747	747	Van Eeden
751	n	0	sg	1	751	751	een boerenkiel
752	-	-	pl	1	752	752	dure gele schoenen
753	n	0	sg	3	753	753,1911,1919	een papieren zak
754	-	-	sg	1	754	754	innige aanraking met de natuur
755	n	0	sg	1	755	755	de natuur
756	-	-	sg	1	756	756	z'n baard vol kruimels
758	-	-	pl	1	758	758	kruimels
760	n	0	sg	7	760	976,978,1396,1556,980,760,831	Amsterdam
761	-	-	pl	1	761	761	elkaar
762	n	0	both	1	762	762	de Naarder trekvaart
763	n	0	sg	1	763	763	een boerenmeid
764	n	0	sg	1	764	764	een boerenjongen
765	n	0	sg	2	765	765,766	het niks van in de krant
767	fm	1	sg	1	767	767	je
768	m	1	sg	1	768	768	jai
774	n	0	pl	1	774	774	drie van ons
776	n	0	pl	1	776	776	onze ketenen van negen tot zes
779	n	0	sg	2	779	779,823	Hillegom
780	n	0	sg	1	780	780	een bollenhandelaar met dikke roode gladgeschoren wangetjes
781	n	0	pl	1	781	781	dikke roode gladgeschoren wangetjes
782	n	0	both	4	782	793,1618,782,790	de anderen
786	n	0	sg	1	786	786	't oudheidkundig museum in Leiden
787	n	0	sg	4	787	824,787,847,791	Leiden
795	n	0	sg	12	795	1698,841,1615,1648,822,1975,1624,826,795,796,1693,1695	de tram
797	n	0	sg	4	797	1183,797,1182,1295	't land
798	n	0	pl	1	798	798	de landen
802	-	-	sg	1	802	802	de boerenkinkels
803	n	0	pl	3	803	2404,803,1420	de roode daken in de dorpen en de zwarte boomen en de akkers
804	n	0	pl	1	804	804	de dorpen
805	n	0	pl	1	805	805	de zwarte boomen
806	n	0	pl	1	806	806	de akkers
807	n	0	sg	1	807	807	riet
808	n	0	pl	2	808	808,811	de duinen
810	n	0	sg	1	810	810	hun bloote hoofd
812	n	0	sg	1	812	812	de straatweg
815	n	0	both	2	815	2454,815	de ruiten van de dorpslantaarns
816	fm	1	pl	2	816	816,817	de dorpslantaarns
818	n	0	sg	2	818	818,1251	moeite
825	n	0	sg	1	825	825	een lijk
828	-	-	sg	1	828	828	die
829	-	-	sg	1	829	829	de revolutie
832	n	0	pl	1	832	832	de kantoren
833	-	-	pl	1	833	833	die
834	n	0	pl	1	834	834	m'n koude voeten
836	n	0	pl	4	836	2162,2163,836,1046	dooie beenen
839	n	0	sg	1	839	839	de blauwe lucht
840	fm	1	sg	1	840	840	ik
846	n	0	pl	1	846	846	de gaslantarens in Leiden
848	-	-	pl	3	848	848,849,860	de onsterfelijken naast elkaar op een lange bank
850	n	0	sg	1	850	850	een lange bank
851	n	0	sg	1	851	851	de derde klas wachtkamer van 't station
852	n	0	sg	2	852	852,973	't station
853	n	0	sg	3	853	874,884,853	de kachel
861	n	0	sg	2	861	867,861	Een burgerheer
862	fm	1	pl	2	862	876,862	Opscheppers
866	n	0	sg	1	866	866	z'n kaartje
869	n	0	sg	1	869	869	't papier
873	n	0	sg	1	873	873	een schepje
875	n	0	sg	2	875	875,878	de kolenschep
877	n	0	pl	1	877	877	die wachtkamers
879	fm	1	sg	1	879	879	't publiek
881	n	0	pl	1	881	881	de steenkolen
885	-	-	sg	1	885	885	mot met een kerel met een witte kiel
886	m	1	sg	1	886	886	een kerel met een witte kiel
887	n	0	sg	1	887	887	een witte kiel
888	n	0	sg	3	888	888,2458,981	den trein
891	n	0	sg	3	891	2563,891,2556	slaap
893	n	0	sg	1	893	893	een Haagsch juffertje
897	fm	1	pl	1	897	897	haar lieve leden
907	n	0	sg	1	907	907	bezwaar tegen die hei
912	n	0	sg	1	912	912	dat
913	fm	1	pl	1	913	913	boeren van kantoorheeren
914	-	-	pl	1	914	914	kantoorheeren
915	n	0	sg	1	915	915	Amerika
916	n	0	pl	1	916	916	allerlei leugens
922	n	0	sg	1	922	922	juist 't groote verschil tusschen God en ons
927	n	0	pl	1	927	927	z'n vieren
929	n	0	sg	1	929	929	Zandvoort
930	n	0	sg	1	930	930	't fijne witte zand aan den voet van 't duin
931	n	0	sg	1	931	931	den voet van 't duin
932	n	0	sg	1	932	932	't duin
940	-	-	pl	1	940	940	herhalingen
941	n	0	sg	2	941	1012,941	een lange gouden streep op 't water
943	n	0	pl	1	943	943	onze gelaten
945	n	0	sg	2	945	945,1317	den gezichtseinder
946	n	0	sg	1	946	946	een sleepboot
949	m	1	sg	2	949	954,949	de stoompijp
951	n	0	sg	1	951	951	Duitschland
952	n	0	sg	1	952	952	zijn groote talenkennis
955	n	0	sg	1	955	955	een betrekking
956	m	1	sg	11	956	998,1000,1003,1004,1007,979,982,985,987,956,990	correspondent op een fabriek
957	n	0	sg	1	957	957	een fabriek
959	n	0	sg	1	959	959	Parijs
963	n	0	sg	2	963	1001,963	dat baantje
967	n	0	sg	1	967	967	dat ellendige fabrieksstadje
970	n	0	sg	1	970	970	heimwee
974	n	0	pl	5	974	2486,983,1006,974,1647	de rails
975	n	0	sg	2	975	2590,975	den horizon
977	n	0	sg	1	977	977	zijn biljet
986	n	0	sg	1	986	986	't Centraal station
988	-	-	sg	1	988	988	de volheid
989	m	1	sg	2	989	993,989	zijns gemoeds
991	n	0	sg	1	991	991	een praatje
992	fm	1	sg	1	992	992	den machinist
995	n	0	sg	1	995	995	een dure
996	n	0	sg	2	996	996,999	de locomotief
997	n	0	sg	5	997	2258,997,1383,2473,2142	z'n hand
1002	n	0	sg	2	1002	1002,2178	een boel
1008	n	0	sg	2	1008	1008,2463	't perron
1009	n	0	pl	1	1009	1009	de treinen
1010	fm	1	both	1	1010	1010	's Zondags
1013	n	0	sg	1	1013	1013	Het roode water
1014	n	0	sg	1	1014	1014	de branding
1016	n	0	sg	1	1016	1016	een theorie
1020	n	0	sg	1	1020	1020	zijn hart
1029	n	0	sg	1	1029	1029	een paar honderd gulden
1030	n	0	sg	2	1030	1940,1030	de Linnaeusstraat met z'n brood in een zeiltje
1031	n	0	sg	2	1031	1037,1031	z'n brood in een zeiltje
1033	n	0	sg	1	1033	1033	een zeiltje
1036	n	0	pl	1	1036	1036	zeiltjes met brood
1039	n	0	sg	1	1039	1039	ons best
1042	m	1	sg	11	1042	1059,1060,1064,1066,1069,1042,1077,1078,1079,2618,1055	heel wat
1047	n	0	pl	1	1047	1047	onze acht handen om onze knieën
1049	n	0	pl	1	1049	1049	onze knieën
1054	n	0	sg	1	1054	1054	een tijdschrift
1056	n	0	sg	2	1056	1056,1137	een artikel
1057	n	0	sg	2	1057	1057,1130	de sociale taak van den kunstenaar
1058	fm	1	sg	2	1058	1058,1070	den kunstenaar
1061	n	0	sg	1	1061	1061	een dispuut met Bekker over de hei
1083	n	0	sg	1	1083	1083	z'n kin
1085	n	0	pl	1	1085	1085	z'n knieën
1088	n	0	sg	1	1088	1088	z'n hart
1091	n	0	sg	1	1091	1091	een suikerboon
1096	fm	1	pl	2	1096	1096,1106	Zij
1097	n	0	sg	4	1097	1097,1266,1126,1129	't strand
1108	n	0	sg	1	1108	1108	een levensbeschouwing
1112	-	-	pl	1	1112	1112	de punten van onze schoenen
1113	-	-	pl	1	1113	1113	onze schoenen
1117	-	-	sg	1	1117	1117	de roode schijn op 't water
1119	n	0	sg	1	1119	1119	't zuiden
1121	n	0	sg	1	1121	1121	een geur van modder
1122	n	0	sg	1	1122	1122	modder
1124	n	0	sg	1	1124	1124	't dorp
1125	n	0	pl	2	1125	1186,1125	de booglampen
1127	fm	1	sg	1	1127	1127	jij
1132	n	0	pl	1	1132	1132	m'n schouders
1139	n	0	sg	1	1139	1139	verantwoordelijkheidsgevoel
1148	n	0	sg	1	1148	1148	Een lolletje
1154	fm	1	pl	1	1154	1154	kunstenaars
1161	n	0	pl	2	1161	1161,1166	de spoorboekjes
1170	n	0	sg	2	1170	1170,1373	't noordwesten
1175	n	0	pl	1	1175	1175	Wolken
1178	n	0	sg	4	1178	2552,2425,1178,1907	uitgestrekte arm
1184	fm	1	pl	1	1184	1184	wij
1185	n	0	sg	2	1185	1185,1255	Driehuis
1187	n	0	sg	1	1187	1187	de Kalverstraat
1188	m	1	sg	4	1188	1209,1204,1203,1188	je rug naar 't water
1189	fm	1	sg	2	1189	1189,1191	je
1197	n	0	sg	3	1197	1773,1813,1197	dat weemoedige geluid achter je
1198	fm	1	sg	3	1198	1208,1206,1198	je
1207	n	0	sg	1	1207	1207	je eigen naam
1212	n	0	sg	1	1212	1212	een brokkie
1213	n	0	sg	2	1213	1213,1231	linnen
1214	n	0	sg	2	1214	1232,1214	verf
1217	-	-	pl	1	1217	1217	ze
1218	-	-	pl	1	1218	1218	mekaar
1220	n	0	sg	2	1220	1220,1221	een spelletje
1224	n	0	sg	1	1224	1224	éen dom hoofd
1225	m	1	sg	2	1225	1225,1235	één domme rechterhand
1226	n	0	sg	2	1226	1226,2327	één schilderijtje te gelijk
1242	fm	1	sg	1	1242	1242	je
1243	fm	1	sg	2	1243	1243,1244	ik
1245	n	0	pl	1	1245	1245	spoorwegboekjes
1248	n	0	sg	2	1248	1248,2531	vrede
1257	-	-	sg	1	1257	1257	trek in koffie
1258	m	1	sg	1	1258	1258	koffie
1268	n	0	sg	2	1268	2306,1268	Een weinig drank
1269	n	0	sg	1	1269	1269	de weemoed
1270	n	0	sg	1	1270	1270	de somberheid
1272	n	0	sg	1	1272	1272	de eenzaamheid van zijn Duitsche kosthuis Dante
1276	n	0	sg	1	1276	1276	een groot doek in z'n hoofd
1279	n	0	sg	1	1279	1279	een gezicht op Rhenen
1280	n	0	sg	7	1280	1280,1444,2405,1415,1658,1309,2398	Rhenen
1285	n	0	sg	1	1285	1285	z'n sociale taak
1289	n	0	sg	2	1289	1289,1535	De koele wind
1296	n	0	pl	4	1296	1296,1298,1299,1301	Mijn gedachten
1300	n	0	pl	1	1300	1300	hun grenzen
1305	n	0	sg	2	1305	1305,1307	mijn best
1311	n	0	sg	2	1311	2136,1311	de schemering
1312	n	0	sg	1	1312	1312	de brug over den spoorweg
1313	n	0	sg	3	1313	1313,2493,2487	den spoorweg
1314	n	0	sg	2	1314	1369,1314	't Noorden
1316	n	0	sg	2	1316	1316,1335	de spoorlijn tot den gezichtseinder
1318	f	1	sg	8	1318	2401,1347,1318,1417,1330,1429,1432,1372	de berg
1319	n	0	sg	1	1319	1319	lichtgroen gras
1320	n	0	sg	2	1320	1320,1487	donkergroene brem
1323	n	0	pl	3	1323	1323,1324,1342	de bergwanden
1325	n	0	sg	1	1325	1325	de vlakte
1327	n	0	sg	1	1327	1327	de aarde
1331	n	0	sg	1	1331	1331	de spleet
1334	n	0	sg	1	1334	1334	een paal aan de spoorlijn
1339	n	0	sg	2	1339	1353,1339	Holland
1340	n	0	sg	1	1340	1340	de plaats
1350	n	0	pl	1	1350	1350	zeven teekeningetjes
1352	n	0	pl	1	1352	1352	twee heel kleine versjes
1355	n	0	sg	1	1355	1355	armoe
1356	n	0	pl	1	1356	1356	artikeltjes
1357	n	0	pl	1	1357	1357	verhaaltjes
1358	n	0	sg	1	1358	1358	't buurtje waar ik zoo lang gewoond had
1360	n	0	pl	1	1360	1360	mijn laatste twee rijksdaalders
1365	n	0	sg	2	1365	1477,1365	mijn afwezigheid
1367	n	0	sg	2	1367	1659,1367	de hoofdstad der wereld
1375	n	0	sg	1	1375	1375	't bruggetje
1376	-	-	sg	2	1376	1376,1548	de oneindigheid
1378	n	0	sg	1	1378	1378	mijn elboog
1380	n	0	sg	1	1380	1380	de leuning
1381	n	0	sg	1	1381	1381	m'n kin met m'n hand
1388	n	0	pl	1	1388	1388	de groene golven van den Atlantischen oceaan
1389	n	0	sg	2	1389	1400,1389	den Atlantischen oceaan
1392	n	0	pl	1	1392	1392	scherpe randen
1393	n	0	pl	1	1393	1393	holle flanken
1394	n	0	pl	1	1394	1394	de gele lichten in de armelijke buurtwinkeltjes in Amsterdam , die ik nu spoedig weer zou zien en die iederen avond hadden geschenen
1395	n	0	pl	1	1395	1395	de armelijke buurtwinkeltjes in Amsterdam , die ik nu spoedig weer zou zien en die iederen avond hadden geschenen
1397	-	-	sg	1	1397	1397	die
1399	-	-	pl	1	1399	1399	die
1401	n	0	pl	2	1401	1496,1401	de vage verwachtingen van vroeger
1403	n	0	sg	1	1403	1403	het verlangen
1404	n	0	sg	2	1404	1404,1405	een gevoel
1407	n	0	pl	1	1407	1407	mijn verwachtingen
1409	n	0	pl	2	1409	1409,1497	mijn verlangens
1412	n	0	pl	1	1412	1412	tusschenpoozen
1413	n	0	sg	2	1413	2396,1413	zijn gezicht op Rhenen
1416	n	0	sg	3	1416	1416,2400,1799	de rivier
1418	n	0	both	2	1418	1418,2402	den Cuneratoren
1419	n	0	pl	3	1419	1489,2403,1419	de bloeiende appelboomen
1421	n	0	sg	1	1421	1421	't stadje
1422	-	-	pl	5	1422	1424,1490,2406,2408,1422	de kastanjes met hun witte en roode bloemen
1425	-	-	pl	2	1425	2409,1425	de bruine beuken tusschen de huizen in de hoogte
1426	n	0	pl	2	1426	1426,1571	de huizen in de hoogte
1427	-	-	sg	13	1427	2433,2439,2411,2443,2413,2418,1427,2421,2423,2424,2426,2429,2431	de hoogte
1428	n	0	sg	2	1428	2410,1428	't molentje ergens op den berg
1431	n	0	sg	2	1431	1433,1431	't villaatje op den berg
1436	n	0	pl	1	1436	1436	gedichtjes
1446	n	0	sg	2	1446	1454,1446	de verten
1447	n	0	sg	2	1447	1458,1447	mijn hart
1450	n	0	pl	1	1450	1450	de roode luchten
1451	n	0	sg	1	1451	1451	't westen
1457	-	-	sg	1	1457	1457	het nabije
1469	n	0	pl	1	1469	1469	der witte wolken
1470	n	0	pl	2	1470	1484,1470	de donkere luchten
1471	n	0	pl	1	1471	1471	de bladen
1472	n	0	pl	1	1472	1472	de bladerlooze kruinen
1473	n	0	pl	1	1473	1473	de armoedige drassige weilanden
1474	-	-	sg	1	1474	1474	die
1479	mn	-	sg	2	1479	1482,1479	die
1483	-	-	pl	1	1483	1483	die
1488	n	0	pl	1	1488	1488	de seringen
1492	n	0	sg	1	1492	1492	ontroering
1499	n	0	sg	1	1499	1499	mijn hoofd
1501	n	0	pl	1	1501	1501	Zijn velden
1503	n	0	pl	1	1503	1503	zijn tuinen
1507	f	1	pl	1	1507	1507	statige vrouwen
1509	n	0	sg	1	1509	1509	't eindelooze gebied
1510	-	-	sg	1	1510	1510	't zelfde
1511	n	0	pl	2	1511	1513,1511	breede rivieren
1516	n	0	pl	1	1516	1516	de rivieren mijner gedachten
1517	n	0	pl	1	1517	1517	mijner gedachten
1522	n	0	sg	1	1522	1522	mijn lijf
1525	-	-	pl	1	1525	1525	stroomen naar 't onbekende
1526	-	-	sg	2	1526	1526,1527	't onbekende
1533	n	0	pl	1	1533	1533	mijn tuinen
1536	n	0	pl	1	1536	1536	de hooge dennen
1537	n	0	pl	1	1537	1537	de wouden der zekerheid
1538	-	-	sg	1	1538	1538	der zekerheid
1544	n	0	sg	1	1544	1544	ootmoed
1550	n	0	sg	3	1550	1552,1550,1551	Gods doel
1553	n	0	sg	1	1553	1553	voortduring
1555	-	-	sg	1	1555	1555	negenen
1557	n	0	sg	1	1557	1557	't plein voor 't Centraalstation
1558	n	0	sg	3	1558	2440,1801,1558	't Centraalstation
1563	n	0	pl	1	1563	1563	huurauto's
1564	fm	1	pl	1	1564	1564	agenten
1565	-	-	sg	1	1565	1565	politie
1566	n	0	pl	2	1566	1568,1566	petten
1567	n	0	sg	1	1567	1567	't Damrak
1570	n	0	pl	1	1570	1570	de achterkanten van de huizen van de Warmoesstraat
1572	n	0	sg	1	1572	1572	de Warmoesstraat
1575	n	0	both	2	1575	1803,1575	de Oudekerk
1577	n	0	sg	1	1577	1577	haar
1578	-	-	pl	1	1578	1578	die
1579	n	0	sg	1	1579	1579	een kreukel in hun jas
1580	n	0	sg	3	1580	1580,1597,1596	hun jas
1582	n	0	sg	1	1582	1582	een spatje modder op hun schoenen
1583	-	-	pl	1	1583	1583	hun schoenen
1589	-	-	pl	1	1589	1589	elkaar
1590	n	0	sg	1	1590	1590	Hun kleeding
1592	n	0	sg	2	1592	1592,1681	een kleinigheid
1595	n	0	sg	1	1595	1595	't reine
1598	n	0	sg	2	1598	1598,1599	een vest
1600	f	1	sg	3	1600	1600,1601,1754	een fatsoenlijke vrouw
1602	f	1	sg	2	1602	1602,1603	een meid
1605	n	0	sg	1	1605	1605	hun stand
1608	n	0	sg	1	1608	1608	't Rokin
1610	n	0	sg	2	1610	1610,1619	lijn
1612	n	0	sg	4	1612	1640,1627,1612,1614	de Nieuwezijds Voorburgwal
1617	n	0	sg	1	1617	1617	den eenen kant
1620	n	0	sg	1	1620	1620	de lijn bij uitnemendheid der nette en gewichtige heeren
1621	-	-	sg	1	1621	1621	uitnemendheid der nette en gewichtige heeren
1626	n	0	sg	2	1626	2305,1626	het zonnetje op den Voorburgwal
1628	n	0	sg	1	1628	1628	't groen der boompjes
1629	n	0	pl	1	1629	1629	der boompjes
1631	n	0	sg	4	1631	1641,1638,1654,1631	de schaduw van de Nieuwe kerk
1644	n	0	sg	1	1644	1644	de heele breedte van de straat
1651	n	0	sg	1	1651	1651	dezelfde wagen
1653	n	0	sg	1	1653	1653	dezelfde plaats door die schaduw
1664	n	0	sg	1	1664	1664	de rechtbank des Heeren
1665	n	0	sg	1	1665	1665	des Heeren
1667	fm	1	pl	5	1667	1667,1668,1670,1671,1673	hen
1669	n	0	sg	1	1669	1669	hun stomme aplomb
1672	-	-	pl	1	1672	1672	hun gepoetste schoenen
1674	n	0	pl	6	1674	1683,1686,1674,1676,1677,1679	die nette scheidingen in hun haar
1675	n	0	sg	1	1675	1675	hun haar
1678	n	0	sg	1	1678	1678	hun stupide vertoon van meerderheid
1680	-	-	sg	1	1680	1680	meerderheid
1682	n	0	pl	1	1682	1682	die gezichten
1687	m	1	pl	2	1687	1690,1687	idealistische jongelingen
1688	n	0	pl	1	1688	1688	gedichtjes
1689	n	0	pl	1	1689	1689	schilderijtjes
1691	f	1	sg	1	1691	1691	een meisje met een viool
1692	n	0	sg	1	1692	1692	een viool
1694	n	0	pl	1	1694	1694	haar zwarte oogjes
1696	n	0	pl	1	1696	1696	de puntjes van haar schoentjes
1697	n	0	pl	1	1697	1697	haar schoentjes
1700	n	0	sg	2	1700	1700,1702	de ronding van haar zomermanteltje
1701	n	0	sg	1	1701	1701	haar zomermanteltje
1707	n	0	sg	1	1707	1707	een straatje van den tweeden rang
1708	n	0	sg	1	1708	1708	den tweeden rang
1709	n	0	sg	1	1709	1709	't Concertgebouw
1712	n	0	sg	1	1712	1712	een zitkamer
1714	n	0	sg	2	1714	1714,1716	zoo'n duur kleed
1717	n	0	sg	2	1717	1717,1719	pluche
1718	n	0	pl	1	1718	1718	z'n stoelen bekleed met geel moquette
1720	n	0	sg	1	1720	1720	geel moquette
1721	n	0	sg	2	1721	1721,2284	den schoorsteen
1722	n	0	sg	1	1722	1722	een zwarte pendule met candelabres
1723	-	-	sg	1	1723	1723	candelabres
1726	n	0	sg	1	1726	1726	een bronzen paard
1728	-	-	pl	1	1728	1728	dure bazars
1731	n	0	sg	2	1731	1760,1731	de punt van een
1736	n	0	sg	1	1736	1736	de ouwe stomme streek
1737	n	0	sg	1	1737	1737	een naaktfiguur van hem
1739	n	0	both	1	1739	1739	De Wellust
1741	f	1	sg	2	1741	1741,1742	de dame
1745	n	0	sg	1	1745	1745	een fatsoenlijk tijdschrift
1747	n	0	pl	1	1747	1747	gemeubileerde kamers
1748	f	1	sg	5	1748	1873,1778,1748,1881,1757	een nette weduwe met drie namen
1750	m	1	sg	4	1750	1864,1756,1750,1863	een vrouwelijke advocaat in huis
1752	n	0	sg	1	1752	1752	een assistent-resident met verlof
1753	n	0	sg	1	1753	1753	verlof
1755	fm	1	sg	1	1755	1755	kind
1758	f	1	sg	2	1758	2320,1758	Schoenen
1761	n	0	sg	3	1761	1761,1851,1855	mijn stoel
1763	n	0	sg	1	1763	1763	de gedraaide poot van de tafel
1765	n	0	sg	1	1765	1765	de vergulde lijst van den spiegel
1766	n	0	sg	1	1766	1766	den spiegel
1772	n	0	sg	1	1772	1772	een daas
1784	-	-	sg	1	1784	1784	te veel
1790	n	0	pl	1	1790	1790	mijn oogen
1794	n	0	pl	1	1794	1794	Vage visioenen
1796	n	0	both	1	1796	1796	de Cunera
1797	n	0	sg	1	1797	1797	den hoek van den Grebbeberg met de rivier
1798	n	0	sg	1	1798	1798	den Grebbeberg met de rivier
1800	n	0	sg	1	1800	1800	't zonnige plein voor 't Centraalstation
1802	n	0	sg	1	1802	1802	de blinkende wijzerplaat van de Oudekerk
1805	n	0	pl	1	1805	1805	de geschilderde vlammen van 't nagemaakte eikenhout van die deur
1806	n	0	sg	1	1806	1806	't nagemaakte eikenhout van die deur
1811	n	0	sg	1	1811	1811	mijn tong
1814	n	0	sg	2	1814	2474,1814	m'n mond
1818	n	0	sg	6	1818	1872,1824,1825,1849,1818,1866	Z'n atelier
1829	n	0	sg	1	1829	1829	z'n huis
1832	n	0	sg	2	1832	1832,1836	een kast
1838	n	0	pl	1	1838	1838	De gangetjes
1839	fm	1	pl	1	1839	1839	de loopertjes
1840	n	0	pl	1	1840	1840	de trapjes naar rato
1841	m	1	sg	1	1841	1841	rato
1842	n	0	pl	1	1842	1842	dunne spijltjes
1848	n	0	sg	1	1848	1848	't bekende licht van 't atelier
1850	n	0	sg	1	1850	1850	De ezel
1852	n	0	sg	2	1852	1938,1852	een clubstoel
1857	n	0	pl	1	1857	1857	portretten
1858	f	1	pl	1	1858	1858	dames
1859	m	1	pl	1	1859	1859	heeren
1862	n	0	sg	2	1862	1875,1862	een pas begonnen portret van de vrouwelijke advocaat
1868	f	1	sg	1	1868	1868	de advocate
1869	f	1	sg	1	1869	1869	mevrouw
1870	n	0	sg	1	1870	1870	een deel van de zolder voor atelier
1871	n	0	sg	1	1871	1871	de zolder voor atelier
1876	f	1	sg	1	1876	1876	een juffrouw van den Willemsparkweg met winterhoed , boa en mof
1877	-	-	sg	1	1877	1877	winterhoed
1878	n	0	sg	1	1878	1878	boa
1879	fm	1	sg	1	1879	1879	mof
1880	n	0	pl	1	1880	1880	haar kleeren
1883	m	1	sg	5	1883	1890,2181,2182,2234,1883	lid van
1884	f	1	sg	1	1884	1884	Arti
1892	n	0	pl	1	1892	1892	Drie of vier betrekkingen
1895	m	1	sg	13	1895	2375,1895,2378,1900,1905,1918,1908,1910,2393,2362,2395,2397,1914	Z'n vader
1897	n	0	sg	1	1897	1897	een betrekkinkje voor 'm
1899	n	0	sg	2	1899	1899,2341	de gasfabriek
1901	n	0	sg	1	1901	1901	een uniformpet
1902	n	0	pl	1	1902	1902	drie kruisjes
1903	m	1	sg	1	1903	1903	G. G.
1906	n	0	sg	1	1906	1906	een boekje onder z'n arm
1913	n	0	sg	1	1913	1913	een heel gezicht
1915	-	-	pl	4	1915	1920,1921,1915,1926	de halve stuivers
1916	n	0	pl	1	1916	1916	de muntmeters
1917	m	1	sg	2	1917	1931,1917	de andere vent
1922	n	0	sg	1	1922	1922	de meter
1930	n	0	sg	1	1930	1930	een eindje
1936	n	0	sg	2	1936	1936,1937	't Bokharakleedje
1939	n	0	pl	2	1939	1954,1939	de verlaten keien van de Linnaeusstraat en den hardsteenen trottoirband en de voeg
1941	n	0	sg	1	1941	1941	den hardsteenen trottoirband
1942	n	0	sg	1	1942	1942	de voeg
1943	n	0	pl	1	1943	1943	twee stukken daarvan
1944	n	0	pl	2	1944	1944,1945	elkaar
1955	n	0	sg	1	1955	1955	't stof
1956	n	0	sg	1	1956	1956	de sproeiwagen
1957	n	0	sg	1	1957	1957	een nat stuk krant
1963	-	-	sg	1	1963	1963	diezelfde stem
1965	fm	1	sg	2	1965	1965,1967	me
1968	n	0	sg	1	1968	1968	een conferentie
1969	n	0	sg	1	1969	1969	de lentezon in de troostelooze straat
1971	m	1	sg	1	1971	1971	Mijn God
1974	f	1	sg	1	1974	1974	't Meisje in de tram
1979	-	-	pl	1	1979	1979	de grachten
1981	n	0	sg	2	1981	2155,1981	de stoep
1983	n	0	both	1	1983	1983	Agentuur
1984	n	0	sg	4	1984	1984,2129,2243,2244	Commissiehandel
1988	n	0	sg	1	1988	1988	een jongmensch met een vierkant hoofd
1989	n	0	sg	1	1989	1989	een vierkant hoofd
1990	n	0	sg	1	1990	1990	m'nheer Bekker op kantoor
1994	n	0	sg	1	1994	1994	de onderdeur
1997	-	-	sg	2	1997	2125,1997	de straatdeur
2001	n	0	sg	3	2001	2001,2003,2092	mijnheer op kantoor
2004	n	0	sg	1	2004	2004	den marmeren gang
2005	n	0	sg	1	2005	2005	een groote rol loopergoed
2006	fm	1	sg	1	2006	2006	ik
2008	fm	1	sg	1	2008	2008	u
2009	fm	1	sg	1	2009	2009	mij
2012	n	0	sg	1	2012	2012	een smalle trap
2013	-	-	sg	1	2013	2013	die
2014	n	0	sg	1	2014	2014	een nauwen donkeren gang
2016	n	0	sg	1	2016	2016	't schemerige licht
2020	m	1	sg	5	2020	2033,2020,2025,2027,2028	zijn vriend
2030	-	-	sg	2	2030	2032,2030	Bekkers stem
2038	n	0	sg	1	2038	2038	een klein achterkantoortje
2039	n	0	sg	1	2039	2039	een uitzicht op een blinden muur
2042	n	0	sg	1	2042	2042	een zware rol pakpapier
2043	n	0	sg	1	2043	2043	een spil
2044	n	0	sg	1	2044	2044	een groote , leege paktafel
2045	n	0	sg	2	2045	2051,2045	't Jongmensch
2046	n	0	sg	2	2046	2046,2047	een lessenaartje
2049	n	0	sg	1	2049	2049	een schrijfmachine met z'n rug naar me toe
2050	-	-	sg	1	2050	2050	z'n rug naar me toe
2054	n	0	sg	1	2054	2054	't stuk papier
2057	n	0	sg	1	2057	2057	den breeden bollen rug
2058	n	0	pl	1	2058	2058	de bonkige schouders van den kantoorbediende
2059	n	0	sg	1	2059	2059	den kantoorbediende
2062	n	0	pl	1	2062	2062	de baksteenen
2063	n	0	sg	3	2063	2064,2065,2063	dat brok steen
2067	fm	1	sg	1	2067	2067	De bediende
2072	-	-	pl	1	2072	2072	de stemmen van twee menschen
2074	n	0	sg	1	2074	2074	de gesloten deur
2076	n	0	sg	1	2076	2076	't geluid van Bekker
2078	n	0	pl	1	2078	2078	de woorden
2081	n	0	both	1	2081	2081	me si va nella città dolente
2090	m	1	sg	8	2090	2096,2161,2165,2170,2169,2090,2156,2159	een klant
2091	n	0	pl	1	2091	2091	Bordeaux
2100	n	0	sg	2	2100	2100,2103	Algiers
2104	fm	1	sg	2	2104	2104,2106	je
2108	n	0	sg	2	2108	2153,2108	mijn geld
2112	n	0	sg	1	2112	2112	een vreemde bij
2117	fm	1	sg	1	2117	2117	je
2120	n	0	pl	1	2120	2120	van die gesprekken onder nette lui
2121	fm	1	pl	1	2121	2121	nette lui
2128	n	0	sg	2	2128	2128,2131	't bordje
2130	n	0	pl	4	2130	2592,2130,2596,2598	z'n oogen
2143	n	0	both	1	2143	2143	me si va tra la perduta gente , Koekebakker
2146	n	0	sg	1	2146	2146	mijn hand
2148	n	0	sg	1	2148	2148	z'n andere hand
2150	n	0	sg	1	2150	2150	m'n schouder
2152	fm	1	sg	1	2152	2152	je
2160	n	0	pl	1	2160	2160	z'n zijden
2164	n	0	both	1	2164	2164	Rijk en welverzorgd
2167	n	0	sg	1	2167	2167	mijn hoed voor 'm
2173	m	1	sg	1	2173	2173	een Amsterdammer
2180	n	0	pl	1	2180	2180	de duiten
2184	n	0	sg	2	2184	2184,2198	Het Volk
2186	n	0	sg	1	2186	2186	't Leesmuseum
2187	n	1	pl	1	2187	2187	't Berliner Tageblatt
2192	n	0	sg	1	2192	2192	verval
2193	n	0	sg	1	2193	2193	Een nieuwe kunst
2194	m	1	sg	4	2194	2201,2194,2195,2196	opkomst
2197	m	1	sg	1	2197	2197	Kunst
2200	m	1	sg	2	2200	2200,2202	Een metselaar
2203	n	0	pl	1	2203	2203	die smoessies
2205	n	0	sg	1	2205	2205	een verklaring
2206	fm	1	pl	1	2206	2206	Wij
2212	n	0	both	1	2212	2212	Polen
2214	n	0	both	1	2214	2214	proletarisch sentiment
2215	n	0	pl	1	2215	2215	burgerlijke ideologieën
2220	fm	1	sg	1	2220	2220	je
2224	m	1	sg	4	2224	2224,2225,2227,2228	die
2226	n	0	sg	1	2226	2226	een ander
2229	n	0	sg	1	2229	2229	margarine
2230	n	0	pl	3	2230	2342,2230,2239	de benauwde luchten
2236	n	0	sg	1	2236	2236	Eén geluk
2246	-	-	sg	1	2246	2246	die
2248	n	0	pl	1	2248	2248	gedichtjes
2250	n	0	pl	1	2250	2250	binnen- en buitenlandsche huizen
2251	n	0	sg	1	2251	2251	een regenachtigen Decemberdag
2252	n	0	pl	4	2252	2288,2291,2252,2277	de lantaarns op de gracht
2253	-	-	sg	1	2253	2253	de gracht
2256	-	-	sg	1	2256	2256	z'n lessenaar
2265	n	0	sg	1	2265	2265	't gas
2266	n	0	sg	3	2266	2266,2268,2270	De prullemand
2269	m	1	sg	3	2269	2274,2269,2271	z'n elleboog
2272	n	0	sg	1	2272	2272	de heele rommel
2273	m	1	sg	3	2273	2273,2275,2278	Z'n bediende
2276	-	-	sg	1	2276	2276	de telefoon
2280	n	0	sg	1	2280	2280	een lijst met afvaarten van stoombooten
2281	n	0	pl	1	2281	2281	afvaarten van stoombooten
2282	n	0	pl	1	2282	2282	stoombooten
2283	n	0	sg	1	2283	2283	de laatste
2285	n	0	sg	1	2285	2285	een dik boek
2286	n	0	sg	1	2286	2286	een prachtuitgave van de Divina Commedia
2287	n	0	sg	1	2287	2287	de Divina Commedia
2289	n	0	sg	1	2289	2289	't laatste daglicht
2290	n	0	sg	2	2290	2290,2292	een wonderlijke vergissing
2294	n	0	sg	1	2294	2294	een kantoortje
2309	n	0	pl	1	2309	2309	schaakproblemen
2310	n	0	sg	1	2310	2310	Een voorstelling van de toekomst
2313	n	0	sg	1	2313	2313	Z'n tractement
2316	n	0	sg	2	2316	2316,2317	een weemoedig welbehagen
2319	-	-	pl	1	2319	2319	dassen
2321	n	0	pl	1	2321	2321	Z'n kleeren
2331	n	0	sg	1	2331	2331	de intocht van de koningin
2332	f	1	sg	1	2332	2332	de koningin
2333	n	0	sg	1	2333	2333	dat schilderijtje van Eerelman
2334	fm	1	sg	1	2334	2334	Eerelman
2336	n	1	pl	1	2336	2336	Odol
2338	n	0	sg	1	2338	2338	een mooi schilderij
2339	n	0	sg	1	2339	2339	een deftige apotheek
2345	m	1	sg	2	2345	2345,2351	't volgende kind
2346	fm	1	pl	3	2346	2346,2347,2358	De kinderen
2348	n	0	sg	1	2348	2348	die ééne kraan
2349	n	0	sg	1	2349	2349	dat ééne privaat
2350	n	0	sg	1	2350	2350	district
2353	n	0	sg	1	2353	2353	't Chronische tekort in 't huishouden van den werkman
2354	n	0	sg	1	2354	2354	't huishouden van den werkman
2355	n	0	sg	1	2355	2355	den werkman
2356	n	0	pl	1	2356	2356	sigaren
2364	f	1	sg	3	2364	2369,2364,2372	Z'n vrouw
2368	n	0	sg	1	2368	2368	een schoone zakdoek
2370	-	-	pl	1	2370	2370	de lusten
2371	-	-	sg	1	2371	2371	die
2374	n	0	sg	2	2374	2376,2374	zolder bij z'n vader
2377	n	0	sg	3	2377	2568,2377,2381	z'n hok
2379	n	0	pl	1	2379	2379	de onderlijfjes van z'n zusters
2380	f	1	pl	1	2380	2380	z'n zusters
2390	n	0	sg	1	2390	2390	de strijd
2391	n	0	sg	1	2391	2391	mijn terugkomst
2399	n	0	pl	1	2399	2399	stukken
2412	n	0	sg	1	2412	2412	15 bij 12-1/2 centimeter
2414	n	0	sg	2	2414	2416,2414	een bot knipmes
2415	n	0	sg	1	2415	2415	Een heel werk
2417	n	0	sg	1	2417	2417	't Ding
2419	n	0	sg	1	2419	2419	totaal niks
2420	n	0	pl	1	2420	2420	vodden
2427	n	0	sg	1	2427	2427	de ruimte
2441	n	0	sg	1	2441	2441	de Parijzer trein van 8 uur
2442	n	0	both	1	2442	2442	Parijzer
2444	n	0	sg	1	2444	2444	een of anderen kennis
2445	n	0	sg	1	2445	2445	een haarboer met lange zwarte lokken en heel veel baard
2446	n	0	pl	1	2446	2446	lange zwarte lokken
2447	-	-	sg	1	2447	2447	heel veel baard
2449	n	0	sg	1	2449	2449	een hoog voorhoofd met niets
2451	m	1	sg	9	2451	2508,2476,2510,2511,2451,2452,2515,2516,2459	de kap
2453	n	0	sg	1	2453	2453	een rossig schijnsel in de ruiten en 't vernis van de spoorwagens
2455	n	0	sg	1	2455	2455	't vernis van de spoorwagens
2456	-	-	pl	1	2456	2456	de spoorwagens
2461	n	0	pl	1	2461	2461	de wagens
2464	m	1	sg	2	2464	2464,2468	Een man met een seinlicht
2465	n	0	sg	1	2465	2465	een seinlicht
2469	fm	1	sg	2	2469	2469,2470	een conducteur
2471	n	0	sg	1	2471	2471	een anderen trein
2472	n	0	sg	1	2472	2472	een beweging
2490	n	0	pl	1	2490	2490	de matglazen ruiten van den locomotievenstal
2491	n	0	sg	1	2491	2491	den locomotievenstal
2492	n	0	sg	2	2492	2492,2494	rechts van den spoorweg
2495	fm	1	sg	1	2495	2495	Je
2504	n	0	pl	2	2504	2504,2507	Vier en dertig ondergaande zonnen
2514	m	1	sg	1	2514	2514	mijn beste vrind
2519	fm	1	sg	3	2519	2520,2523,2519	je
2522	n	0	sg	1	2522	2522	een lol
2524	n	0	sg	6	2524	2529,2561,2533,2534,2524,2527	een hoedendoos
2530	fm	1	sg	1	2530	2530	Ik
2539	n	0	sg	1	2539	2539	een uniformjas
2540	n	0	pl	1	2540	2540	gele biezen om z'n pet
2541	n	0	sg	1	2541	2541	z'n pet
2545	fm	1	sg	1	2545	2545	Ik
2546	fm	1	sg	2	2546	2546,2547	u
2554	n	0	sg	1	2554	2554	de huurauto
2557	n	0	both	1	2557	2557	de Nieuwe Zijds-Voorburgwal
2560	n	0	sg	1	2560	2560	een kuil
2565	n	0	sg	1	2565	2565	z'n laatste zonsondergang
2575	n	0	sg	1	2575	2575	een groote , koude , roode zon
2577	n	0	pl	1	2577	2577	wolken
2580	fm	1	pl	3	2580	2580,2581,2582	wij
2586	n	0	pl	1	2586	2586	zenuwpatienten
2594	n	0	sg	1	2594	2594	pijn
2600	n	0	pl	1	2600	2600	Z'n schilderijen
2602	-	-	pl	1	2602	2602	aardige prijzen
2603	n	0	sg	1	2603	2603	Koekebakkertje
2604	m	1	sg	3	2604	2604,2605,2607	een wijs en bedaard man
2606	n	0	sg	1	2606	2606	z'n schamel loon
2608	n	0	sg	2	2608	2608,2610	Gods troon
2609	n	0	sg	2	2609	2609,2612	Zijn wereld
2611	n	0	sg	1	2611	2611	haar gang
2619	fm	1	pl	2	2619	2626,2619	Nieuwe Titaantjes
2620	n	0	pl	1	2620	2620	kleine rotsblokjes
2622	-	-	sg	1	2622	2622	z'n verhevenheid
2625	n	0	sg	1	2625	2625	hun zin
2629	fm	1	sg	4	2629	2634,2636,2629,2630	je
2632	m	1	pl	1	2632	2632	die mooie wijze heeren
2635	m	1	sg	3	2635	2642,2635,2643	je nek
2641	n	0	sg	1	2641	2641	z'n gangetje
2644	-	-	sg	1	2644	2644	die
