id	start	end	sentno	parno	sentbounds	mentions	speakermention	addresseemention	speakercluster	addresseecluster	text
0	294	300	11	5	0		81	-	33	-	" Wat is het vandaag , "
1	304	309	11	5	0	82,83	81	90	33	76	" morphine of cocaïne ? "
2	324	329	13	6	0		90	81	76	33	" Het is cocaïne , "
3	333	348	13	6	0	91,92,93	90	94	76	33	" een oplossing van zeven percent . Zoudt gij het soms eens willen beproeven ? "
4	349	354	15	7	0		94	90	33	76	" In geen geval , "
5	359	385	15	7	0	95,96,97,98,99,100	94	106	33	76	" mijn gestel is de campagne in Afghanistan nog niet te boven . Ik kan het nog niet wagen om mij buitengewoon in te spannen . "
6	393	401	18	8	0	104,105	106	105	76	104	" Wellicht hebt gij gelijk , Watson , "
7	405	441	18	8	0	107,108,109,110,111,112,113	106	105	76	104	" ik veronderstel dat haar invloed physiek slecht is . Ik voor mij vindt het echter zoo uiterst prikkelend en opklarend voor den geest , dat de latere werking slechts van zeer korten duur is . "
8	442	446	20	8	0		-	-	-	-	" Bedenk echter , "
9	451	568	20	8	0	115,116,117,118,119,120,121,122,123,124,125,126,127,128,129,130,131,132,133,134,135,136,137,138,139	-	-	-	-	" wat er de gevolgen van zijn ! Uw brein moge , zooals gij zegt , opgewekt en verhelderd worden , maar het is een pathologisch en ziekelijk proces , dat ten zeerste op de longen werkt en ten laatste een permanente zwakte kan teweegbrengen . Gij weet zelf , welk een onaangename reactie gij ondervindt . Waarlijk : het sop is de kool niet waard . Waarom zoudt gij , voor een kort voorbijgaand genoegen , het verlies riskeeren van de groote gaven waarmede gij bedeeld zijt ? Herinner u , dat ik niet alleen tot u spreek als kameraad , maar tevens als geneeskundige , die eenigszins voor uw gestel aansprakelijk kan geacht worden . "
10	604	612	28	10	0	151,152,153	154	-	135	-	" Mijn geest verzet zich tegen al wat "
11	614	617	28	10	0		154	-	135	-	" heet , "
12	621	665	29	10	0	155,156,157,158,159,160,161,162,163,164,165,166	154	-	135	-	" Geef mij problema's , geef mij werk , geef mij het ingewikkeldst geheimschrift , of de meest raadselachtige analyse , dan ben ik in de mij eigene atmosfeer . Dan heb ik over wonderbaarlijke middelen te beschikken . Maar ik verafschuw de onbeduidende "
13	667	711	31	10	0	167,168,169,170,171,172,173,174,175,176,177	154	179	135	33	" van het menschelijk bestaan . Ik smacht naar geestelijke verheffing . Dat is het ook waarom ik mijn eigen bizonder beroep gekozen , - of beter gezegd : geschapen heb , want ik ben de eenige op dat gebied in de wereld . "
14	712	718	34	11	0	178	179	154	33	135	" De eenige particuliere detective ? "
15	726	734	35	11	0	181	182	181	19	181	" De eenige particuliere , consulteerende detective , "
16	738	856	35	11	0	183,184,185,186,187,188,189,190,191,192,193,194,195,196,197,198,199,200,201,202,203,204,205,206,207,208,209,210,211,212,213,214	182	181	19	181	" ik ben het laatste en hoogste Hof van appèl voor onthullingen . Als Gregson , of Lestrade , of Athelney Jones ten einde raad zijn , - iets wat in de meeste gevallen voorkomt , - dan wordt de zaak aan mij voorgelegd . Ik onderzoek den data , gelijk een gezworene en spreek dan een oordeel uit gelijk een specialiteit . Ik verlang geen lof bij dusdanige gevallen . Mijn naam figureert in geen nieuwsblad . Het werk zelve , het genoegen een veld te vinden voor mijne eigen zeldzame gaven , is mijn hoogste belooning . Maar gij hebt zelve eenige ondervinding opgedaan omtrent mijne methode van werken in 't geval van Jefferson Hope . "
17	857	860	42	12	0		215	182	33	19	" Inderdaad , "
18	864	890	42	12	0	216,217,218,219,220	215	-	33	-	" ik was over niets in mijn leven ooit meer getroffen . Ik heb er zelfs een werk over uitgegeven , onder den titel van : "
19	893	904	43	12	0	222	215	-	33	-	" ( _A Study in Scarlet_ ) . ( 1 ) "
20	923	929	46	15	0	227	228	-	224	-	" Ik heb het doorgebladerd , "
21	933	944	46	15	0	229,230	228	-	224	-	" eerlijk gesproken kan ik u er niet mee feliciteeren . "
22	946	998	47	15	0	231,232,233,234,235,236,237,238,239,240	228	242	224	33	" is , of moest zijn een bepaalde wetenschap , en behoorde op dezelfde ongevoelige wijze behandeld te worden . Gij hebt getracht er een romantische tint aan te geven , iets wat dezelfde uitwerking heeft , alsof gij een liefdeshistorie of een schaking in den geest van Euclides zoudt bewerken . "
23	999	1006	49	16	0	241	242	228	33	224	" Maar de roman was er , "
24	1010	1019	49	16	0	243,244	242	-	33	-	" ik mocht de feiten toch niet veranderen . "
25	1020	1052	50	17	1	245,246,247,248,249,250,251,252	-	242	-	33	" Het eenige feit in het geval dat eene vermelding waardig was , was de zeldzame analytische redeneering van oorzaken tot gevolgen , waardoor het mij gelukte het kluwen te ontwarren . "
26	1191	1204	56	19	0	285,286,287,288	289	-	3	-	" Kort geleden heeft mijn practijk zich zelfs uitgestrekt tot het Vasteland , "
27	1220	1360	56	19	0	294,295,296,297,298,299,300,301,302,303,304,305,306,307,308,309,310,311,312,313,314,315,316,317,318,319,320,321,322,323,324,325,326,327,328	289	-	3	-	" ik werd in de laatste week namelijk geraadpleegd door François le Villard , die zooals je waarschijnlijk bekend is , in den laatsten tijd op den voorgrond is getreden in dienst van de Fransche detectiven . Hij bezit al de Celtische kracht van snelle waarneming , maar hij schiet te kort in de juiste beoordeeling der feiten en de algemeene kennis die onmisbaar is voor de hoogere ontwikkeling van zijn kunst . Het geval stond in verband met een testament en scheen eenigszins ingewikkeld . Ik was in staat hem op de hoogte te stellen van twee gelijksoortige gevallen , het een te Riga in 1857 en het ander te St. Louis in 1871 , waardoor hij tot de juiste oplossing gekomen is . Hier is de brief van dankbetuiging voor mijne hulp , dien ik hedenmorgen ontving . "
28	1395	1400	62	20	0	340	-	345	-	33	" den eenigen Sherlock Holmes "
29	1403	1413	63	21	0	341,342,343,344	345	-	33	-	" Hij spreekt gelijk een leerling tot zijn meester , "
30	1417	1427	64	21	0	346,347,348	349	-	3	-	" O , hij schat mijn hulp te hoog , "
31	1432	1486	64	21	0	350,351,352,353,354,355,356,357,358,359,360,361,362,363,364,365,366,367	349	-	3	-	" hij bezit zelf groote gaven . Hij heeft twee van de drie eigenschappen die voor den werkelijken detective vereischt worden . Hij bezit namelijk opmerkingsen onthullings-vermogen . Het ontbreekt hem alleen aan kennis en die kan hij mettertijd verwerven . Hij is nu bezig mijne kleine werken in het Fransch te vertalen . "
32	1487	1491	69	22	1	368,369	-	349	-	3	" Uwe werken ? "
33	1492	1500	70	23	0	370	371	-	343	-	" O , wist gij dat niet ? "
34	1505	1531	71	23	0	372,373,374,375,376	371	-	343	-	" Ja , ik heb mij aan verscheiden handschriften schuldig gemaakt . Zij handelen allen over technische onderwerpen . Hier , bijvoorbeeld is er een : "
35	1543	1582	73	23	0	380,381,382,383,384,385,386,387,388,389,390,391,392,393	-	-	-	-	" Daarin noemde ik een honderd veertig soorten van sigaren , cigaretten- en pijp-tabak , met gekleurde platen die het verschil van asch ervan aantoonen . Het is een punt dat geregeld in straf-processen voorkomt en dat vaak als "
36	1584	1657	75	23	0	395,396,397,398,399,400,401,402,403,404,405,406,407,408,409,410,411,412,413	-	-	-	-	" van het grootste belang is . Indien gij bijvoorbeeld bepaald kunt zeggen , dat de een of andere moord gepleegd is door een man , die een Indiaansche lunkah rookte , dat beperkt het terrein van uw onderzoek aanmerkelijk . Voor het geoefend oog is er evenveel verschil tusschen de zwarte asch van een Trichinopoly en de witte van een Havana , als tusschen die van een kool en een aardappel . "
37	1658	1667	78	23	0	414,415,416	417	-	33	-	" Gij bezit eene zeldzame gave van opmerken , "
38	1672	1781	79	24	1	418,419,420,421,422,423,424,425,426,427,428,429,430,431,432,433,434,435,436,437,438,439,440,441,442,443,444,445,446,447,448,449,450,451,452	-	437	-	428	" Ik erken hare belangrijkheid . Hier is mijn handschrift over het nasporen van voetstappen , met eenige opmerkingen omtrent het toepassen van de Parijsche pleisters , als bewaarster der indrukken . Dan ziet gij hier een klein curieus boek over den invloed van een onderzoek naar een vorm van de hand , met afbeeldingen van handen van leidekkers , matrozen , kurksnijders , loodwerkers , wevers en diamantslijpers . Dat is een zaak van groot practisch belang voor den wetenschappelijken detective , vooral in gevallen van onopgevraagde lijken , of voor het nasporen der vroegere antecedenten van misdadigers . Maar ik verveel u zeker met mijn gebabbel . "
39	1782	1787	84	25	0		453	-	33	-	" In geen geval , "
40	1791	1834	84	25	0	454,455,456,457,458,459,460,461,462,463,464,465,466	453	468	33	446	" het is voor mij van het grootste belang , sedert ik de gelegenheid heb gehad om uwe toepassing ervan bij te wonen . Maar gij spraakt zooeven van opmerking en gevolgtrekking . Gewis vult de eene dezer gave de andere aan ? "
41	1835	1841	87	26	0	467	468	453	446	33	" Slechts in geringe mate , "
42	1862	1894	88	26	1	474,475,476,477,478,479,480,481,482,483	468	484	446	33	" Bij voorbeeld , opmerking toont mij dat gij hedenmorgen naar het Postkantoor in de Wigmore Street geweest zijt , maar gevolgtrekking leert mij dat gij daar een telegram verzonden hebt . "
43	1895	1900	89	27	0		484	468	33	446	" 't Is waar ! "
44	1904	1939	89	27	0	485,486,487,488,489,490	484	491	33	446	" beide is waar . Maar ik beken dat ik niet inzie hoe gij daartoe gekomen zijt . Het was een plotseling opkomende gedachte van mij en ik heb er met niemand over gesproken . "
45	1940	1947	92	28	0		491	484	446	33	" Het is zoo eenvoudig mogelijk , "
46	1958	2062	92	28	0	495,496,497,498,499,500,501,502,503,504,505,506,507,508,509,510,511,512,513,514,515,516,517,518,519,520,521	491	-	446	-	" zelfs zóó eenvoudig dat eene verklaring geheel overbodig is : en toch moge het dienen om u de grens tusschen opmerking en gevolgtrekking duidelijk te maken . Opmerking zegt mij dat gij aan de zool van uw schoen een weinig roode modder hebt . Juist tegenover het Postkantoor in de Wigmore Street is de straat opgebroken en aarde gestrooid die men , als men zich naar het kantoor begeeft , onmogelijk vermijden kan . Deze aarde is van bizonder roode kleur , zooals die nergens in den omtrek meer gebruikt is . Zie , dat is opmerking : het overige is gevolgtrekking . "
47	2063	2079	97	29	1	522,523,524,525,526	547	491	33	446	" Hoe kwaamt ge dan tot de gevolgtrekking , dat ik een telegram verzonden heb ? "
48	2080	2158	98	30	1	527,528,529,530,531,532,533,534,535,536,537,538,539,540,541,542,543,544,545	491	547	446	33	" Wel , ik weet dat gij gedurende den ganschen morgen dien ik in uw gezelschap heb doorgebracht , geen brief geschreven hebt . Tevens zie ik ginds in uwen geopenden lessenaar , dat gij postzegels en een pakket briefkaarten voorradig hebt . Waartoe kondet gij dan anders het postkantoor binnen gaan dan om een dépêche te verzenden ? Breng nu alle andere factoren met elkander in verband , dan moet de eenige gevolgtrekking de juiste zijn . "
49	2159	2168	102	31	0	546	547	491	33	446	" In dit geval is het zeker zoo , "
50	2175	2202	102	31	0	548,549,550,551,552,553,554	547	-	33	-	" en de zaak , zooals gij zegt , allereenvoudigst . Zoudt gij het onbescheiden vinden indien ik uwe theorieën aan een meer ernstige proef onderwierp ? "
51	2203	2206	104	31	0		555	-	545	-	" Integendeel , "
52	2210	2243	104	31	0	556,557,558,559,560,561,562,563,564	555	-	545	-	" dat zou mij terughouden om eene tweede dosis cocaïne te nemen . Het zou mij verheugen eenig probleem , dat gij aan mijn oordeel zoudt willen onderwerpen , op te lossen . "
53	2244	2329	106	32	1	565,566,567,568,569,570,571,572,573,574,575,576,577,578,579,580,581,582,583,584,585,586	-	555	-	545	" Ik heb u hooren zeggen dat het onmogelijk is voor een man , om eenig voorwerp dagelijks te gebruiken , zonder den indruk van zijn persoonlijkheid er in die mate op achter te laten , dat een geoefend opmerker die zou kunnen ontdekken . Welnu , ik heb hier een horloge dat kort geleden in mijn bezit is gekomen . Zoudt gij nu zoo vriendelijk willen zijn om mij uw oordeel omtrent het karakter of de gewoonten van den laatsten eigenaar te zeggen ? "
54	2429	2436	112	34	0		617	-	586	-	" Er zijn ternauwernood eenige datums ! "
55	2441	2460	112	34	0	618,619,620,621	617	623	586	33	" het horloge is eerst kort geleden schoongemaakt , iets dat mij van de meeste denkbare daadzaken berooft . "
56	2461	2466	113	35	0	622	623	617	33	586	" Gij hebt gelijk , "
57	2470	2480	113	35	0	624	623	-	33	-	" het werd schoongemaakt alvorens het mij werd toegezonden . "
58	2509	2522	116	35	0	636,637	638	-	53	-	" Hoewel onvoldoende , is toch mijn onderzoek niet geheel vruchteloos geweest , "
59	2536	2560	117	35	1	641,642,643,644,645,646,647,648,649	638	-	53	-	" Onder verbetering zoude ik oordeelen dat het horloge aan uw oudsten broeder heeft toebehoord , die het van uwen vader geërfd heeft . "
60	2561	2575	118	36	1	650,651,652	673	638	33	53	" Dat leidt gij zeker af van de H. W. op de kast ? "
61	2576	2661	119	37	1	653,654,655,656,657,658,659,660,661,662,663,664,665,666,667,668,669,670,671	638	673	53	33	" Zeer juist . De W. doet uw eigen naam veronderstellen . De datum van het horloge klimt op tot omstreeks voor vijftig jaren terug , en de initialen zijn even oud als het horloge zelve . Kostbaarheden gaan gewoonlijk op den oudsten zoon over , en hij draagt in den regel denzelfden naam als de vader . Uw vader is , indien ik mij goed herinner , reeds verscheiden jaren overleden . Dientengevolge is het horloge in handen gekomen van uw oudsten broeder . "
62	2662	2668	125	38	0	672	673	638	33	53	" Zooverre zijt gij juist , "
63	2672	2678	125	38	0	674	673	-	33	-	" weet gij nog meer ? "
64	2679	2738	126	39	1	675,676,677,678,679,680,681,682,683,684,685,686,687,688,689,690	-	673	-	33	" Hij was een man van zeer ongestadige en zorgelooze levenswijze . Hij had eens goede vooruitzichten , maar hij verschopte zijn geluk ; leefde gedurende eenigen tijd in armoede , met korte tusschenpoozen van voorspoed , en nadat hij eindelijk aan den drank verslaafd was geraakt , stierf hij . Dat is al wat ik kan afleiden . "
65	2757	2766	130	41	0	695,696	-	696	-	3	" Dat is onwaardig van u , Holmes , "
66	2770	2852	130	41	0	698,699,700,701,702,703,704,705,706,707,708,709,710,711,712,713,714,715,716,717,718,719	-	696	-	3	" ik zou nooit hebben kunnen gelooven , dat gij u tot zoo iets zoudt verlagen . Gij hebt onderzoek gedaan naar de geschiedenis van mijn ongelukkigen broeder , en beweert thans door gevolgtrekkingen tot deze wetenschap gekomen te zijn . Gij kunt toch niet van mij verwachten dat ik gelooven zal dat gij dit alles op dit oud horloge gelezen hebt ! Het is niet vriendschappelijk , en om de volle waarheid te zeggen , heeft het iets van charlatanisme ! "
67	2853	2857	134	41	0	720	721	720	717	720	" Waarde dokter , "
68	2862	2923	134	41	0	722,723,724,725,726,727,728,729,730,731,732,733,734,735,736,737,738,739,740	721	720	717	720	" ik bid u , neem mijne verontschuldiging aan . De zaak als een gewoon vraagstuk beschouwende , had ik vergeten hoe persoonlijk en pijnlijk u de oplossing ervan moest wezen . Ik geef u echter de heilige verzekering dat ik nimmer geweten heb dat gij een broeder hebt gehad , tot ge mij dit horloge hebt ter hand gesteld . "
69	2924	2952	137	42	1	741,742,743,744	720	721	720	717	" Maar in naam van al wat onbegrijpelijk is , hoe kwaamt gij dan juist tot deze feiten ? Zij zijn in elk opzicht juist en waar . "
70	2953	2978	139	43	1	745,746,747,748,749	721	720	717	720	" Ah , dat is gelukkig . Ik voor mij kon ze slechts waarschijnlijkheden noemen . Ik verwachtte geenszins zoo accuraat te zullen zijn . "
71	2979	2988	142	43	1	750	-	-	-	-	" Maar het zijn toch niet enkel gissingen ? "
72	2989	3169	143	44	1	751,752,753,754,755,756,757,758,759,760,761,762,763,764,765,766,767,768,769,770,771,772,773,774,775,776,777,778,779,780,781,782,783,784,785,786,787,788,789,790,791	841	-	33	-	" Neen , neen , ik gis nimmer . Dat is een dwaze gewoonte - en meestal schadelijk voor het logisch verband . Wat u zoo vreemd toeschijnt is dit alleen , omdat gij mijn gedachtengang niet volgt of geringe omstandigheden , die veelal de grootste ophelderingen verschaffen , over het hoofd ziet . Bij voorbeeld : ik begon te beweren dat uw broeder zorgeloos was . Wanneer gij het benedengedeelten van deze horlogekast gadeslaat , dan merkt gij op dat zij niet slechts op twee plaatsen gedeukt is , maar zij is overal geschramd en bekrast , door de gewoonte die hij had , om in denzelfden vestzak ook andere harde voorwerpen , zooals geldstukken of sleutels te bergen . Er behoort gewis niet zooveel vernuft toe om de gevolgtrekking te maken , dat hij , die zoo netjes met een horloge van vijftig guinjes omspringt , een zorgeloos man is . En evenmin is het zoo wonderlijk te begrijpen , dat een man die een voorwerp van zulke groote waarde erft , niet van middelen ontbloot is . "
73	3181	3361	151	45	1	797,798,799,800,801,802,803,804,805,806,807,808,809,810,811,812,813,814,815,816,817,818,819,820,821,822,823,824,825,826,827,828,829,830,831,832,833,834,835,836,837,838,839,840	-	841	-	33	" Het is bij pand-beleeners in Engeland algemeen gebruikelijk om het nommer van het bewijs met een graveernaald op de binnenzijde der kast te schrijven . Dit is een maatregel tegen het verloren gaan van het bewijs . Er zijn niet minder dan vier zulke nommers door mijn lens op de binnenzijde der kast zichtbaar . Gevolgtrekking : dat uw broeder zeer dikwijls op zwart zaad zat . Tweede gevolgtrekking : dat hij van tijd tot tijd er beter bij zat , anders zou hij het pand niet hebben kunnen lossen . En ten slotte verzoek ik u de binnenplaat te bezichtigen , waarin zich het sleutelgat bevindt . Let dan op de duizenden krassen rondom de opening ; allen teekenen van het uitglijden van den sleutel . Welke nuchtere man kon die plaat zoo hebben toegetakeld ? Ik verzeker u , gij zult het horloge van een dronkaard nimmer zonder krassen zien . Hij windt het des nachts op , en laat deze sporen van zijn onvaste hand achter . Waar blijft nu de mysterie van dit alles ? "
74	3362	3371	162	46	0		841	-	33	-	" Het is zoo klaar als de dag , "
75	3375	3411	162	46	0	842,843,844,845,846,847,848,849,850,851,852	841	-	33	-	" ik betreur het onrecht dat ik u aandeed . Ik had meer vertrouwen moeten stellen in uw wonderbaarlijk vermogen . Mag ik vragen of gij thans nog op een of ander onderzoek uit moet ? "
76	3412	3515	165	47	1	853,854,855,856,857,858,859,860,861,862,863,864,865,866	877	863	853	720	" Neen , daarom gebruikte ik de cocaïne . Ik kan niet leven zonder hersen-inspanning . Waartoe anders dient het leven ? Hier voor het raam gaan staan ? Was de wereld ooit zoo droevig vervelend en ongenietbaar ? Zie hoe de gele mist over de straat hangt en langs de zwart-geblakerde huizen dwarrelt . Wat zou meer hopeloos prozaïsch en stoffelijk kunnen zijn ? Wat baat het vermogens te bezitten , dokter , en geen arbeidsveld er voor te vinden ? Misdaad is iets algemeens , bestaan is dit eveneens , en geene andere dan algemeene eigenschappen zijn op aarde werkzaam . "
77	3552	3561	175	48	0	877,878	879	877	872	853	" Een jonge dame voor u , sir , "
78	3571	3576	176	49	0	883	884	883	53	883	" Miss Mary Morstan , "
79	3580	3619	177	49	1	885,886,887,888,889,890,891,892	884	883	53	883	" Hm ! ik herinner mij dien naam niet . Verzoek de jonge dame boven te komen , Mrs. Hudson . - Neen , ga niet heen , dokter . Ik zou gaarne zien dat gij hier bleeft . "
80	3809	3819	190	54	0	938,939,940	941	940	921	3	" Ik ben tot u gekomen , Mr. Holmes , "
81	3823	3862	190	54	0	942,943,944,945,946,947,948,949,950,951,952,953	941	940	921	3	" omdat gij eens mijne meesteres , Mrs. Cecil Forrester in staat hebt gesteld om eene kleine aangelegenheid met een harer dienstboden in het reine te brengen . Zij was ten zeerste verrukt wegens uwe dienstvaardigheid en bekwaamheid . "
82	3863	3868	192	54	0	954	955	-	951	-	" Mrs. Cecil Forrester ? "
83	3872	3903	192	54	0	956,957,958,959,960,961,962	955	-	951	-	" ja , ik geloof dat ik haar eens een kleinen dienst bewezen heb . Het betrof echter , als ik mij goed herinner , slechts een hoogst eenvoudig geval . "
84	3904	3943	194	55	1	963,964,965,966,967,968,969,970,971,972,973	-	955	-	951	" Zij beschouwde het zoo niet . Maar van het mijne zult gij dit tenminste niet kunnen beweren . Ik kan mij nauwelijks een meer vreemdsoortigen en onverklaarbaren toestand voorstellen , dan dien , waarin ik mij bevind . "
85	3972	3978	199	56	0	986,987,988	989	-	19	-	" Verhaal mij uw geval , "
86	3994	4003	201	58	0	993,994	995	-	33	-	" Gij zult mij gewis wel willen excuseeren ? "
87	4031	4044	203	60	0	1003,1004	1005	-	1000	-	" Indien uw vriend zoo goed zou willen zijn hier te blijven , "
88	4048	4059	203	60	0	1006,1007,1008	1005	-	1000	-	" zou hij mij wellicht een onschatbaren dienst kunnen bewijzen . "
89	4066	4076	205	61	0	1011,1012	1013	-	1000	-	" In het kort zijn de feiten als volgt , "
90	4080	4341	206	62	1	1014,1015,1016,1017,1018,1019,1020,1021,1022,1023,1024,1025,1026,1027,1028,1029,1030,1031,1032,1033,1034,1035,1036,1037,1038,1039,1040,1041,1042,1043,1044,1045,1046,1047,1048,1049,1050,1051,1052,1053,1054,1055,1056,1057,1058,1059,1060,1061,1062,1063,1064,1065,1066,1067,1068,1069,1070,1071,1072,1073,1074,1075,1076,1077,1078,1079,1080,1081,1082,1083,1084,1085,1086,1087,1088,1089,1090	-	1013	-	1000	" Mijn vader was officier in Indischen dienst , die mij , toen ik nog een kind was , naar het vaderland zond . Mijne moeder was overleden , en ik had geene betrekkingen in Engeland . Ik werd echter in een net opvoedingsgesticht te Edinburgh geplaatst , waar ik tot mijn zeventiende jaar vertoefde . In het jaar 1878 verkreeg mijn vader , die toen de oudste kapitein bij zijn regiment was , een jaar verlof , en kwam naar Engeland . Hij telegrafeerde mij uit Londen dat hij gezond en wel was aangekomen en noodigde mij uit om onmiddellijk over te komen , terwijl hij mij het Langham Hôtel als zijn adres opgaf . Ik herinner mij dat zijn bericht van verlangen en liefde getuigde . Toen ik te Londen aankwam , reed ik naar Langham en vernam daar dat kapitein Morstan er logeerde , doch dat hij den vorigen avond was uitgegaan en tot nog toe niet teruggekeerd was . Ik wachtte den ganschen dag , zonder iets van hem te vernemen . Des avonds stelde ik , op aanraden van den hôtelhouder , de politie hiermede in kennis en den volgenden morgen plaatsten wij eene oproeping in alle bladen . Onze onderzoekingen leverden echter niet het minste resultaat op ; en vanaf dien dag tot op heden heb ik nooit weder een woord van mijn ongelukkigen vader vernomen . Hij kwam naar het vaderland met een hart vol hoop en liefde , om er eenige rust en vaderlijk genoegen te vinden , en in stede daarvan .... "
91	4358	4362	218	64	0		1097	-	3	-	" De datum ? "
92	4370	4385	219	65	1	1100,1101	-	1097	-	3	" Hij verdween op den 3en December 1878 , dus omstreeks tien jaren geleden . "
93	4386	4390	220	66	1	1102,1103	1097	-	3	-	" Zijn bagage ? "
94	4391	4440	221	67	1	1104,1105,1106,1107,1108,1109,1110,1111,1112,1113	-	1097	-	3	" Bleef in het hôtel . Er was echter niets in dat tot eenige opheldering kon dienen : wat kleêren , eenige boeken en een groot aantal curiositeiten van de Andaman-eilanden . Hij was een der officieren geweest die met de bewaking der daar verbannen misdadigers belast zijn . "
95	4441	4452	224	68	1	1114,1115,1116	1097	-	3	-	" Had hij een of ander vriend in de stad ? "
96	4453	4512	225	69	1	1117,1118,1119,1120,1121,1122,1123,1124,1125,1126,1127,1128,1129,1130,1131,1132,1133,1134	-	1097	-	3	" Zoover wij weten slechts een ; - zekere Majoor Sholto van zijn eigen regiment , het 34e Bombay-Infanterie . De Majoor had kort te voren den dienst vaarwel gezegd en woonde te Upper Norwood . Wij stelden hem natuurlijk van het geval in kennis , maar het was hem zelfs onbekend dat zijn mede-officier in Engeland was . "
97	4513	4518	228	70	0	1135	1136	-	3	-	" Een vreemdsoortig geval , "
98	4523	4561	229	71	0	1137,1138,1139,1140,1141,1142	-	1136	-	3	" Het vreemdsoortige ervan heb ik u echter nog niet beschreven . Omstreeks zes jaren geleden - of om nauwkeurig te werk te gaan : op den 4en Mei 1882 , - verscheen er een advertentie in de "
99	4563	4722	230	71	0	1143,1144,1145,1146,1147,1148,1149,1150,1151,1152,1153,1154,1155,1156,1157,1158,1159,1160,1161,1162,1163,1164,1165,1166,1167,1168,1169,1170,1171,1172,1173,1174,1175,1176,1177,1178,1179,1180,1181,1182	-	-	-	-	" , waarin gevraagd werd naar het adres van Miss Mary Morstan , met de verklaring dat het in haar belang zoude zijn , zich bekend te maken . Er werd noch naam , noch adres bij vermeld . Ik was op dat tijdstip juist in het gezin van Mrs. Cecil Forrester als gouvernante in betrekking gekomen . Op haar raad maakte ik per advertentie mijn adres bekend . Nog op dienzelfden dag werd er door de post een aan mij geadresseerd kartonnen doosje bezorgd , waarin zich een zeer groote , schitterende parel bevond . Er was geen letter schrift bijgevoegd . Sedert dien dag kwam er elk jaar op denzelfden datum een gelijksoortige doos , die een zelfde parel bevatte , zonder eenige aanwijzing omtrent den afzender . Zij zijn door een deskundige onderzocht en deze verklaarde dat zij hoogst zeldzaam en van buitengewoon groote waarde zijn . Gij kunt zelf oordeelen hoe fraai zij zijn . "
100	4742	4749	240	73	0	1190,1191	1192	-	3	-	" Uw verhaal is hoogst belangwekkend , "
101	4754	4762	240	73	0	1193	1192	-	3	-	" is u nog iets anders gebeurd ? "
102	4763	4797	241	74	1	1194,1195,1196,1197,1198,1199,1200,1201	-	1192	-	3	" Ja , en dat wel juist heden . Dat is de reden waarom ik tot u gekomen ben . Hedenochtend ontving ik dezen brief , dien gij wellicht wel zult willen lezen . "
103	4798	4802	244	75	0	1202	1203	-	3	-	" Dank u , "
104	4806	4860	244	75	0	1204,1205,1206,1207,1208,1209,1210,1211,1212,1213,1214,1215,1216,1217	1203	-	3	-	" de enveloppe ook als 't u belieft . Poststempel : Londen S. W. Datum : Juli 7 . Hum ! De afdruk van een mansduim in den hoek , - waarschijnlijk van den besteller . Beste kwaliteit papier . Enveloppe van six-pence het pak . Een zonderling man . Geen adres . - "
105	4919	4919	256	75	1		1227	-	1221	-	"
106	4920	4939	257	76	1	1231,1232,1233	-	1227	-	1221	" Wel , dat is een zeer aardig geheim ! wat denkt gij te doen , Miss Morstan ? "
107	4940	4952	258	77	1	1234,1235,1236,1237	1227	-	1221	-	" Dat was juist de vraag die ik u wilde doen . "
108	4953	4993	259	78	1	1238,1239,1240,1241,1242,1243,1244,1245,1246,1247	-	1227	-	1221	" Dan zullen wij zeer zeker gaan , - gij en ik en - ja , wel Dr. Watson is juist de rechte man . Uw briefschrijver spreekt van twee vrienden . Hij en ik hebben reeds vroeger samengewerkt . "
109	4994	5001	262	79	0	1248	1249	-	1221	-	" Maar zou hij willen komen ? "
110	5011	5024	263	79	0	1252,1253,1254,1255	1256	-	33	-	" Ik zal mij gelukkig achten en er eene eer in stellen , "
111	5029	5042	263	79	0	1257,1258,1259,1260	1256	-	33	-	" als ik u in eenig opzicht van dienst zal kunnen zijn . "
112	5043	5050	264	79	0	1261	1262	-	300	-	" Gij zijt beiden zeer vriendelijk , "
113	5054	5091	264	79	0	1263,1264,1265,1266,1267,1268	1262	1269	300	3	" ik heb een afgezonderd leven geleid en bezit geene vrienden waarop ik mij zou kunnen beroepen . Als ik om zes uur hier ben , zal het , naar ik denk , vroeg genoeg zijn ? "
114	5092	5100	266	80	0		1269	1262	3	300	" Ja , maar vooral niet later , "
115	5104	5128	266	80	0	1270,1271,1272,1273,1274,1275	1269	1279	3	300	" er rest echter nog een vraag : Is dit handschrift hetzelfde als dat van de adressen op de doosjes met de paarlen ? "
116	5129	5136	267	81	0	1276,1277,1278	1279	1269	300	3	" Ik heb ze bij mij , "
117	5150	5167	268	82	1	1284,1285,1286	1269	1279	3	300	" Gij zijt bepaald een model-cliënt , en zeer correct . Laat ons nu eens zien . "
118	5185	5198	271	82	0	1292,1293,1294	1295	-	3	-	" Zij zijn met een verdraaide hand geschreven , behalve de brief , "
119	5203	5265	271	82	0	1296,1297,1298,1299,1300,1301,1302,1303,1304,1305,1306,1307,1308,1309,1310	1295	-	3	-	" maar het lijdt geen twijfel dat de schrijver dezelfde is . Zie eens hoe de #e# afgebroken is en beschouw dan de krul van de #s# . Die zijn stellig van denzelfden persoon . Ik zou niet gaarne ijdele hoop bij u opwekken , Miss Morstan , maar is er eenige overeenkomst tusschen deze hand en die van uwen vader ? "
120	5266	5272	275	83	1		-	1295	-	3	" In geen enkel opzicht . "
121	5273	5317	276	84	1	1311,1312,1313,1314,1315,1316,1317,1318,1319	1295	-	3	-	" Dit antwoord verwachtte ik . Wij zullen u dus om zes uur verwachten . Wees zoo goed en laat mij de papieren behouden . Dan kan ik de zaak eens overzien . Het is nu pas half-vier . =Au revoir= , dus . "
122	5318	5322	282	85	0	1320	-	1295	-	3	" =Au revoir= , "
123	5383	5389	284	86	0	1339,1340	1295	-	3	-	" Wat een aantrekkelijke vrouw ! "
124	5416	5421	286	87	0	1351	1352	-	53	-	" Is zij dat ? "
125	5428	5435	286	87	0	1353	1352	1357	53	33	" ik heb het niet opgemerkt . "
126	5436	5447	287	88	0	1354,1355,1356	1357	1352	33	53	" Gij zijt werkelijk een automaat , - een rekenmachine , "
127	5451	5461	287	88	0	1358	1357	-	33	-	" er is somwijlen iets bepaald onmenschelijks in u ! "
128	5466	5474	289	90	0	1360	1361	-	53	-	" Het is van het grootste belang , "
129	5478	5574	289	90	0	1362,1363,1364,1365,1366,1367,1368,1369,1370,1371,1372,1373,1374,1375,1376,1377,1378,1379,1380,1381,1382,1383,1384,1385,1386,1387,1388	1361	-	53	-	" uw oordeel niet te laten leiden door persoonlijke eigenschappen . Een cliënt is voor mij slechts eene eenheid , een factor in een vraagstuk . De op het gemoed werkende eigenschappen staan een zuivere redeneering in den weg . Ik geef u de verzekering dat de bekoorlijkste vrouw , die ik ooit gezien heb , werd opgehangen wegens het vermoorden van drie kleine kinderen om hunne levensverzekeringssom machtig te worden , terwijl de terugstootendste man onder mijne bekenden een filantroop is , die omstreeks een kwart millioen aan de armen van Londen besteed heeft . "
130	5575	5582	293	91	1	1389	-	1361	-	53	" In dit geval , echter - "
131	5583	5591	294	92	0	1390,1391,1392	1361	-	53	-	" Ik maak nimmer uitzonderingen . Een uitzondering "
132	5593	5627	295	92	0	1393,1394,1395,1396,1397,1398,1399,1400,1401	-	1402	-	33	" den regel . Zijt gij ooit in de gelegenheid geweest om door middel van een handschrift een karakter-studie te maken ? Wat is dan uw oordeel omtrent het geschrijf van dezen knaap ? "
133	5628	5635	298	93	0		1402	-	33	-	" Het is net en regelmatig , "
134	5639	5650	299	93	1	1403,1404,1405	1402	-	33	-	" Een man van zaken en tamelijk vast van karakter . "
135	5656	5665	301	95	0	1408,1409	1410	-	104	-	" Zie dan eens naar zijn lange letters , "
136	5669	5761	301	95	0	1411,1412,1413,1414,1415,1416,1417,1418,1419,1420,1421,1422,1423,1424,1425,1426,1427,1428,1429,1430,1431,1432,1433,1434,1435,1436,1437	1410	-	104	-	" zij komen nauwelijks boven de gewone uit . Die #d# kon wel een #a# , en die #l# wel een #e# zijn . Mannen van karakter maken altijd een onderscheid tusschen hunne gewone en lange letters , hoe onregelmatig zij overigens ook mogen schrijven . Er is besluiteloosheid in zijne #k# 's en gevoel van eigenwaarde in zijne hoofdletters . - Ik ga nu even uit . Ik moet eenige bezoeken afleggen . Laat mij u dit boek recommandeeren , - een der merkwaardigste die ooit geschreven werden . Het is "
137	5768	5781	308	95	0	1440,1441	-	-	-	-	" van Winwood Reade . Ik zal binnen een uur terug zijn . "
138	6018	6028	322	99	0	1503	-	-	-	-	" Er schuilt geen groot geheim in deze aangelegenheid , "
139	6043	6054	322	99	0	1508,1509,1510	-	-	-	-	" de feiten schijnen slechts ééne verklaring mogelijk te maken . "
140	6055	6064	323	100	1	1511	-	-	-	-	" Wat ! Hebt gij het reeds opgelost ? "
141	6065	6113	325	101	0	1512,1513,1514,1515,1516,1517,1518,1519,1520	-	-	-	-	" Nu , dat zou te veel gezegd zijn . Ik heb een feit ontdekt dat een veronderstelling wettigt , dat is alles . Het is slechts een zeer vage veronderstelling . De nadere bizonderheden ontbreken er nog aan . Ik heb zooeven in oude nummers van de "
142	6115	6140	329	101	0	1522,1523,1524,1525,1526	1527	-	3	-	" gevonden , dat Majoor Sholto van Upper Norwood , oud-gediende van het 34e regiment Bombay-Infanterie , op den 28 April 1882 overleden is . "
143	6141	6162	330	102	1	1527,1528,1529	1577	1527	3	3	" Het moge zeer onbegrijpelijk zijn , Holmes , maar ik kan niet inzien tot welke onderstelling dit leiden kan . "
144	6163	6302	331	103	1	1530,1531,1532,1533,1534,1535,1536,1537,1538,1539,1540,1541,1542,1543,1544,1545,1546,1547,1548,1549,1550,1551,1552,1553,1554,1555,1556,1557,1558,1559,1560,1561,1562,1563,1564	1527	1577	3	3	" Niet ? Gij verbaast mij . Beschouw het dan van deze zijde . Kapitein Morstan verdwijnt . De eenige persoon in Londen dien hij kon bezocht hebben is Majoor Sholto . Majoor Sholto verklaart niet geweten te hebben dat hij te Londen was . Vier jaren later sterft Sholto . Binnen een week na zijn dood ontvangt de dochter van kapitein Morstan een kostbaar geschenk , dat jaarlijks herhaald wordt en nu eindigt in een brief die haar als een slecht behandeld meisje beschrijft . Op welke slechte behandeling kan dit anders doelen dan op de verdwijning van haren vader ? En waarom zouden de geschenken onmiddellijk beginnen na Sholto's dood , of het moest zijn dat Sholto's erfgenaam iets van het geheim weet , en een schikking wenscht te maken ? Hebt gij eenige tegenovergestelde theorie ? "
145	6303	6372	342	104	1	1565,1566,1567,1568,1569,1570,1571,1572,1573,1574	1577	1527	3	3	" Maar welk een vreemdsoortige gevolgtrekking ! En hoe ver gezocht ! Waarom zou hij nu eerder een brief schrijven dan tien jaren geleden ? Bovendien in den brief staat : om haar recht te doen wedervaren . Welk recht wordt daarmede bedoeld ? De veronderstelling dat haar vader nog in leven is , is zeker te gewaagd . En van een ander onrecht is u niets bekend . "
146	6373	6383	349	104	0	1575,1576	1577	-	3	-	" Er zijn moeielijkheden ; zeer zeker groote moeielijkheden , "
147	6389	6434	349	104	0	1578,1579,1580,1581,1582,1583,1584	1577	-	3	-	" maar onze expeditie van hedenavond zal ze allen oplossen . Ha , daar is een vierwieler en Miss Morstan zit erin . Zijt gij gereed ? Dan was het beter dat wij naar beneden gingen , want het is reeds over den tijd . "
148	6551	6562	357	107	0	1614,1615,1616,1617,1618	1619	-	1576	-	" Majoor Sholto was een bizonder vriend van mijn papa , "
149	6566	6648	357	107	0	1620,1621,1622,1623,1624,1625,1626,1627,1628,1629,1630,1631,1632,1633,1634,1635	1619	-	1576	-	" zijne brieven waren altijd vol van toespelingen op den Majoor . Hij en papa voerden het bevel over de troepen op de Andaman-eilanden ; daardoor woonden zij geruimen tijd te zamen . Indertijd werd in papa's lessenaar een vreemdsoortig papier gevonden , wat niemand begrijpen kon . Ik veronderstel niet dat het van eenig aanbelang kan wezen , ik dacht echter dat gij het wellicht gaarne zoudt willen zien , en daarom heb ik het meegebracht . Hier is het . "
150	6672	6680	364	109	0	1643,1644	1645	-	3	-	" Het papier is in Indië gefabriceerd , "
151	6684	6734	364	109	0	1646,1647,1648,1649,1650,1651,1652,1653,1654,1655,1656,1657,1658	1645	-	3	-	" het was voor eenigen tijd op een bord geprikt geweest . De teekening erop schijnt het ontwerp te zijn voor een gedeelte van een groot gebouw , met talrijke zalen en gangen . Aan den eenen hoek staat een met roode inkt geteekend kruis en links daarboven staat geschreven "
152	6737	6759	366	109	1	1659,1660,1661,1662,1663,1664	1645	-	3	-	" Op den linkerhoek staan vier kruisjes op een lijn , waarvan de armen elkander raken . Daarnaast staat in ruwe karakters :
153	6760	6778	369	110	1	1665,1666,1667,1668,1669,1670	-	1668	-	1668	" Het teeken der vier - Jonathan Small , Mahomed Singh , Abdullah Khan , Dost Akbar . "
154	6779	6822	370	111	1	1671,1672,1673,1674,1675,1676,1677	1668	-	1668	-	" Neen , ik beken dat ik niet begrijp in welk verband dit met de zaak staat . Desniettemin is het een belangrijk document . Het is zorgvuldig in een zakboek bewaard geworden ; want het is aan beide zijden even helder . "
155	6823	6831	373	111	1	1678,1679,1680	-	-	-	-	" Wij vonden het in zijn zakboek . "
156	6832	6886	374	112	1	1681,1682,1683,1684,1685,1686,1687,1688,1689,1690	-	-	-	-	" Bewaar het dan zorgvuldig , Miss Morstan , want het zou ons later van nut kunnen zijn . Ik begin te veronderstellen , dat deze zaak blijken zal ingewikkelder en van meer teederen aard te zijn , dan ik haar in het eerst beschouwd heb . Ik moet mijne gedachten opnieuw regelen . "
157	7153	7165	389	115	0	1763,1764,1765	1766	-	1761	-	" Zijt gij de partijen die hier komen met Miss Morstan ? "
158	7169	7183	390	115	0	1767,1768,1769,1770,1771	1772	-	883	-	" Ik ben Miss Morstan , en deze twee heeren zijn mijne vrienden , "
159	7198	7209	392	115	0	1776,1777	1778	-	1769	-	" Gij zult het mij ten goede houden , Miss , "
160	7216	7241	392	115	0	1779,1780,1781,1782,1783,1784,1785,1786	1778	-	1769	-	" maar het is mij opgedragen u te verzoeken mij uw woord te willen geven dat geen uwer metgezellen een ambtenaar der politie is . "
161	7242	7251	393	115	0	1787,1788,1789,1790	1791	-	1069	-	" Daar geef ik u mijn woord op , "
162	7490	7494	404	118	0	1855	1856	-	3	-	" Rochester Row , "
163	7498	7545	404	118	0	1857,1858,1859,1860,1861,1862,1863,1864,1865,1866,1867	1856	-	3	-	" nu Vincent Square . Nu komen wij uit bij de Vauxhall Bridge Road . Wij houden waarschijnlijk de zijde der Surrey . Ja , dat dacht ik wel . Nu zijn wij op de brug , gij kunt van tijd tot tijd de rivier zien . "
164	7579	7583	410	120	0	1878	1879	1878	53	1859	" Wordsworth Road , "
165	7588	7619	410	120	0	1881,1882,1883,1884,1885,1886,1887,1888,1889	1879	1881	53	1859	" Priory Road , Larke Hall Lane , Stockwell Place , Robert Street , Cold Harbour Lane . Het schijnt dat onze taak ons niet naar zeer fatsoenlijke wijken roept . "
166	7777	7783	419	121	0	1926,1927	1928	1879	1918	53	" De Sahib verwacht u , "
167	7806	7815	420	122	0	1933,1934,1935	1879	1928	53	1918	" Wijs hun den weg hierheen , Khitmutgar , "
168	7819	7826	421	122	1	1936,1937	-	-	-	-	" Breng hen onmiddellijk tot mij ! "
169	7983	7990	429	126	0	1980,1981,1982	1983	1980	1977	1980	" Uw dienaar , Miss Morstan , "
170	7998	8038	429	126	0	1985,1986,1987,1988,1989,1990,1991,1992,1993,1994,1995,1996,1997,1998	1983	1985	1977	1980	" uw dienaar , mijne heeren . Ik bid u , treed mijn klein heiligdom binnen . Een kleine woning , Miss , maar naar mijn eigen smaak ingericht . Een soort oase in deze beklagenswaardige wildernis van Zuidelijk-Londen . "
171	8181	8186	440	127	0	2036	2037	2036	1954	883	" Mr. Thaddeus Sholto , "
172	8197	8213	440	127	0	2038,2039,2040,2041,2042	2037	2036	1954	883	" zoo is mijn naam . Gij zijt dus Miss Morstan . En deze heeren ? "
173	8214	8226	443	127	1	2043,2044	2037	2046	1954	1769	" Deze is Mr. Sherlock Holmes , en deze Dr. Watson . "
174	8227	8233	444	128	0	2045	2046	2045	1769	720	" Een dokter , hé ? "
175	8238	8300	444	128	0	2047,2048,2049,2050,2051,2052,2053,2054,2055,2056,2057,2058,2059,2060,2061,2062,2063,2064	2046	2045	1769	720	" hebt gij uw stethoscoop bij u ? Zou ik u mogen verzoeken , - zoudt gij zoo vriendelijk willen zijn ? Ik twijfel ten zeerste aan mijn hart-klep ; indien gij de goedheid zoudt willen hebben . Ik ben er zeker van dat het in de hart-ader schuilt , maar omtrent de klep zou ik uw oordeel zeer gaarne vernemen . "
176	8331	8338	449	130	0		2074	-	33	-	" Het schijnt normaal te wezen , "
177	8342	8352	449	130	0	2075,2076	2074	2081	33	1769	" gij hebt geen reden u ongerust te maken . "
178	8353	8363	450	131	0	2077,2078,2079,2080	2081	2074	1769	33	" Gij moet mijne angstigheid vergeven , Miss Morstan , "
179	8368	8414	450	131	0	2082,2083,2084,2085,2086,2087,2088,2089,2090	2081	-	1769	-	" ik lijd zeer veel en vreesde altijd voor een hartader-breuk . Ik ben verheugd te hooren dat daar geen gevaar voor bestaat . Indien uw vader meer op zijn hart gelet had , Miss Morstan , dan ware hij misschien thans nog in leven . "
180	8450	8461	455	134	0	2104,2105,2106,2107	2108	-	2078	-	" Ik gevoelde in mijn hart dat hij overleden was , "
181	8465	8474	456	134	0	2109,2110	2111	-	2099	-	" Ik kan u alle mogelijke inlichtingen verschaffen , "
182	8478	8573	456	134	0	2112,2113,2114,2115,2116,2117,2118,2119,2120,2121,2122,2123,2124,2125,2126,2127,2128,2129,2130,2131	2111	-	2099	-	" en dat wil ik ook , wat mijn broeder Bartholomeus ook moge zeggen . Ik ben zoo blijde dat gij vrienden bij u hebt , niet alleen als een geleide voor u , maar tevens als getuigen bij hetgeen ik voornemens ben te doen en te zeggen . Wij kunnen met ons drieën broeder Bartholomeus beter te woord staan . Doch laat ons er noch politie noch andere ambtenaren in mengen . Wij kunnen alles voldoende onderling regelen , zonder eenige tusschenkomst van anderen . Niets zou broeder Bartholomeus meer hinderen dan publiciteit . "
183	8596	8601	463	136	0	2137	2138	-	3	-	" Wat mij betreft , "
184	8605	8619	463	136	0	2139,2140,2141	2138	-	3	-	" ik zal al wat gij ook mocht willen spreken voor mij houden . "
185	8629	8638	465	138	0		2147	-	2145	-	" Dat is goed ! dat is goed ! "
186	8642	8712	465	138	0	2148,2149,2150,2151,2152,2153,2154,2155,2156,2157,2158,2159,2160,2161,2162,2163,2164,2165,2166	2147	-	2145	-	" mag ik u een glas Chianti aanbieden , Miss Morstan ? Of Tokayer ? Andere wijnen houd ik er niet op na . Zal ik een flesch opentrekken ? Neen ? Welnu dan , ik vertrouw dat gij geen hinder zult hebben van tabaks-rook , vooral niet van den balsamieken geur van Oostersche tobacco ? Ik ben een weinig zenuwachtig en daarvoor is mijne hookah een onschatbaar geneesmiddel . "
187	8767	8782	474	139	0	2183,2184,2185,2186	2187	-	2179	-	" Toen ik het eerst het besluit nam om u deze mededeeling te doen , "
188	8786	9000	474	139	0	2188,2189,2190,2191,2192,2193,2194,2195,2196,2197,2198,2199,2200,2201,2202,2203,2204,2205,2206,2207,2208,2209,2210,2211,2212,2213,2214,2215,2216,2217,2218,2219,2220,2221,2222,2223,2224,2225,2226,2227,2228,2229,2230,2231,2232,2233,2234,2235,2236,2237,2238,2239,2240,2241,2242,2243,2244,2245,2246,2247	2187	2251	2179	883	" zou ik gaarne mijn adres gegeven hebben ; ik vreesde echter dat gij mijn verzoek niet zoudt vertrouwen en vreemd volk met u zoudt brengen . Deswege nam ik de vrijheid de zaak zoodanig te regelen , dat mijn bediende Williams u het eerst zoude zien . Ik stel het volste vertrouwen in zijne discretie , en hij had in last om , zoo hij onvoldaan mocht zijn , de zaak niet voort te zetten . Gij zult deze voorzorgsmaatregelen wel willen excuseeren , maar ik ben een eenigszins achterdochtig man , en ik durf er bijvoegen , van verfijnden smaak , en er bestaat niets dat meer in strijd is met de aesthetica dan een politieman . Ik heb een natuurlijken afkeer van alle vormen van het ruwe materialisme . Ik kom dan ook zelden in aanraking met de ruwe menigte . Ik leef , zooals gij ziet , in een eenigszins elegante atmosfeer . Ik mag mij een beschermer der kunst noemen . Dat is nu eenmaal mijn zwak . Dit landschap is een zeldzaam Corot , en hoewel een kenner wellicht eenigen twijfel mocht opperen omtrent deze Salvator Rosa , zoo kan dit bij deze Bouguereau geenszins het geval zijn . Ik behoor gedeeltelijk tot de moderne Fransche school . "
189	9001	9010	485	140	0	2248,2249,2250	2251	2250	883	883	" Gij zult mij excuseeren , Mr. Sholto , "
190	9016	9053	485	140	0	2252,2253,2254,2255,2256,2257,2258,2259,2260	2251	2250	883	883	" maar ik ben hier op uw verzoek om iets te vernemen wat gij mij wenscht mede te deelen . Het is reeds zeer laat , en ik wenschte ons onderhoud zoo min mogelijk te rekken . "
191	9054	9065	487	141	0	2261	2262	2251	1562	883	" Er zal toch nog eenigen tijd toe noodig zijn , "
192	9069	9147	487	141	0	2263,2264,2265,2266,2267,2268,2269,2270,2271,2272,2273,2274,2275,2276,2277,2278,2279,2280,2281,2282	2262	2287	1562	33	" want we zullen gewis naar Norwood moeten gaan en broeder Bartholomeus bezoeken . Wij zullen er gezamenlijk heengaan en zien wat wij uit broeder Bartholomeus kunnen krijgen . Hij is zeer boos op mij wegens den weg dien ik gekozen heb , doch die mij rechtvaardig toeschijnt . Ik had nog gisteravond zeer hooge woorden met hem . O , gij kunt u niet voorstellen wat een verschrikkelijke jongen hij is , als hij boos is . "
193	9148	9168	492	142	0	2283,2284,2285,2286	2287	2262	33	1562	" Indien wij nog naar Norwood moeten , was het wellicht beter als wij ons onmiddellijk op weg begaven , "
194	9184	9190	494	144	0		2291	-	883	-	" Dat zou bezwaarlijk gaan , "
195	9194	9266	494	144	1	2292,2293,2294,2295,2296,2297,2298,2299,2300,2301,2302,2303,2304,2305,2306,2307,2308,2309,2310,2311,2312,2313,2314	2291	-	883	-	" ik weet niet wat hij zou zeggen als ik u zoo plotseling bij hem bracht . Neen , ik moet u voorbereiden door u te toonen op welken voet wij met elkander staan . In de eerste plaats moet ik u zeggen dat er verscheidene punten in de geschiedenis zijn , die mij zelf onbekend zijn . Ik kan u dus de feiten slechts mededeelen voor zooverre ik ermede vertrouwd ben :
196	9267	9609	498	145	1	2315,2316,2317,2318,2319,2320,2321,2322,2323,2324,2325,2326,2327,2328,2329,2330,2331,2332,2333,2334,2335,2336,2337,2338,2339,2340,2341,2342,2343,2344,2345,2346,2347,2348,2349,2350,2351,2352,2353,2354,2355,2356,2357,2358,2359,2360,2361,2362,2363,2364,2365,2366,2367,2368,2369,2370,2371,2372,2373,2374,2375,2376,2377,2378,2379,2380,2381,2382,2383,2384,2385,2386,2387,2388,2389,2390,2391,2392,2393,2394,2395,2396,2397,2398,2399,2400,2401,2402,2403,2404,2405,2406,2407,2408,2409,2410,2411,2412,2413,2414,2415,2416,2417,2418,2419,2420,2421	-	2318	-	883	" Mijn vader was , zooals gij zeker reeds gegist hebt , Majoor John Sholto , vroeger in Indischen dienst . Hij nam ongeveer elf jaar geleden zijn ontslag en vestigde zich op Pondicherry Lodge te Upper Norwood . Hij had fortuin gemaakt in Indië en bracht een aanzienlijke som gelds , eene groote verzameling kostbare zeldzaamheden en een gansch gevolg van Inlandsche bedienden mede . Onder deze omstandigheden kocht hij zich een huis en leefde in groote weelde . Mijn tweeling-broeder Bartholomeus en ik waren zijn eenige kinderen . Ik herinner mij nog zeer goed de sensatie die de verdwijning van kapitein Morstan veroorzaakte . Wij lazen de bizonderheden ervan in de bladen , en wetende dat hij een vriend van onzen vader was geweest , bespraken wij het geval openlijk in zijne tegenwoordigheid . Dan was hij gewoon met ons over hetgeen er met hem gebeurd kon zijn , te redeneeren . Nooit veronderstelden wij voor één oogenblik dat hij het geheele geheim in zijn eigen hart verborgen hield , dat van alle menschen , hem alléén het lot van Arthur Morstan bekend was . Wèl wisten wij , dat eenig geheim , eenig bepaald gevaar onzen vader bezwaarde . Hij was steeds zeer beangst om alleen uit te gaan , en hij hield altijd twee prijs-vechters als portiers van Pondicherry Lodge . Williams , die u hedenavond gereden heeft , was een hunner . Hij was eens de kampioen-athleet van Engeland . Onze vader wilde ons nimmer zeggen wat het was dat hem zoo beangstigde , maar hij legde altijd een grooten afkeer aan den dag voor mannen met houten beenen . Bij zekere gelegenheid vuurde hij eens zijn revolver op zulk een gebrekkige af , die niets anders bleek te zijn dan een rustig besteller die een boodschap kwam verrichten . Het kostte ons een aanzienlijke som , om de zaak te sussen . Mijn broeder en ik beschouwden dit enkel als een gril van mijn vader ; maar latere voorvallen hebben ons oordeel daaromtrent ten zeerste gewijzigd .
197	9690	9692	518	146	0		2318	-	883	-	" spleen "
198	9805	9812	523	148	0	2478,2479	-	-	-	-	" Ik heb slechts éen zaak , "
199	9816	9987	523	148	0	2481,2482,2483,2484,2485,2486,2487,2488,2489,2490,2491,2492,2493,2494,2495,2496,2497,2498,2499,2500,2501,2502,2503,2504,2505,2506,2507,2508,2509,2510,2511,2512,2513,2514,2515,2516,2517,2518,2519,2520,2521,2522,2523,2524,2525,2526	-	2516	-	2515	" die mij in dit uiterste oogenblik bezwaart . Dat is mijne behandeling van Morstan's arme weeze . De verwenschte gelddorst , die mijn gemoed gedurende mijn gansche leven beheerscht heeft , onthield haar den schat , waarvan minstens de helft haar toebehoorde . En toch heb ik er voor mij zelven geen gebruik van gemaakt , zoo verblind en onzinnig is de gierigheid . Het enkel bewustzijn van het bezit was mij zoo dierbaar , dat ik er niet toe kon besluiten dit met een ander te deelen . Ziet dezen krans met paarlen bezet , naast de kinine-flesch . Zelfs daarvan kon ik niet scheiden , hoewel ik hem had achtergehouden om hem aan haar te zenden . Gij , mijn zoons , zult haar een eerlijk deel geven van den Agra-schat . Doch , zendt haar niets , - zelfs niet dezen krans , - alvorens ik zal gestorven zijn . Er zijn wel menschen even ziek geweest als ik thans , die toch weder hersteld zijn . "
